id,ts,pm25,humedadRelativa,aqi
calidad-aire-01,2026-09-27T15:03:13.368Z,12.5,79,42.4
calidad-aire-01,2026-09-27T14:33:12.16Z,12.8,77,43.2
calidad-aire-01,2026-09-27T14:18:11.748Z,12.8,77,43.2
calidad-aire-01,2026-09-27T15:33:14.783Z,12.2,72,41.5
calidad-aire-01,2026-09-26T13:32:03.993Z,7.7,84,36.6
calidad-aire-01,2026-09-26T13:17:03.349Z,7.7,84,36.6
calidad-aire-01,2026-09-26T13:02:02.76Z,7.7,89,36.6
calidad-aire-01,2026-09-26T12:47:01.598Z,7.7,89,36.6
calidad-aire-01,2026-09-26T12:32:00.845Z,8,89,34.4
calidad-aire-01,2026-09-26T12:17:00.067Z,8,89,34.4
calidad-aire-01,2026-09-26T12:01:59.404Z,8,92,34.4
calidad-aire-01,2026-09-26T11:46:58.628Z,8,92,34.4
calidad-aire-01,2026-09-26T11:31:57.978Z,8.4,91,32.2
calidad-aire-01,2026-09-26T11:16:57.474Z,8.4,91,32.2
calidad-aire-01,2026-09-26T11:01:56.813Z,8.4,91,32.2
calidad-aire-01,2026-09-26T10:46:55.706Z,8.4,91,32.2
calidad-aire-01,2026-09-26T10:31:54.965Z,9,90,31.9
calidad-aire-01,2026-09-26T10:16:54.279Z,9,90,31.9
calidad-aire-01,2026-09-26T10:01:53.591Z,9,92,31.9
calidad-aire-01,2026-09-26T09:46:52.975Z,9,92,31.9
calidad-aire-01,2026-09-26T09:31:52.28Z,9,92,31.9
calidad-aire-01,2026-09-26T09:16:51.695Z,9.2,98,32.5
calidad-aire-01,2026-09-26T09:01:50.882Z,9.2,98,32.5
calidad-aire-01,2026-09-26T08:46:50.463Z,9.2,98,32.5
calidad-aire-01,2026-09-26T08:31:49.772Z,9.3,98,33
calidad-aire-01,2026-09-26T08:16:48.894Z,9.3,98,33
calidad-aire-01,2026-09-26T08:01:48.318Z,9.3,92,33
calidad-aire-01,2026-09-26T07:46:47.75Z,9.3,92,33
calidad-aire-01,2026-09-26T07:31:46.887Z,9.3,93,33
calidad-aire-01,2026-09-26T07:16:46.32Z,9.3,89,33
calidad-aire-01,2026-09-26T07:01:45.808Z,9.3,89,33
calidad-aire-01,2026-09-26T06:46:45.253Z,9.3,89,33
calidad-aire-01,2026-09-26T06:31:44.685Z,9.3,91,33
calidad-aire-01,2026-09-26T06:16:43.968Z,10.4,86,36.2
calidad-aire-01,2026-09-26T06:13:32.763Z,10.4,86,36.2
calidad-aire-01,2026-09-26T05:58:32.159Z,10.4,86,36.2
calidad-aire-01,2026-09-26T05:43:31.445Z,10.4,86,36.2
calidad-aire-01,2026-09-26T05:28:31.001Z,10.4,88,36.2
calidad-aire-01,2026-09-26T05:13:30.532Z,11.5,88,39.4
calidad-aire-01,2026-09-26T04:58:29.902Z,11.5,85,39.4
calidad-aire-01,2026-09-26T04:43:29.402Z,11.5,86,39.4
calidad-aire-01,2026-09-26T04:28:28.658Z,11.5,86,39.4
calidad-aire-01,2026-09-26T04:13:27.929Z,13.5,89,45.6
calidad-aire-01,2026-09-26T03:58:27.261Z,13.5,89,45.6
calidad-aire-01,2026-09-26T03:43:26.687Z,13.5,89,45.6
calidad-aire-01,2026-09-26T03:28:26.077Z,14.3,90,47.8
calidad-aire-01,2026-09-26T03:13:25.391Z,14.3,90,47.8
calidad-aire-01,2026-09-26T02:58:24.605Z,14.3,90,47.8
calidad-aire-01,2026-09-26T02:43:23.786Z,14.3,90,47.8
calidad-aire-01,2026-09-26T02:28:23.314Z,14.3,91,47.8
calidad-aire-01,2026-09-26T02:13:22.793Z,15,85,50
calidad-aire-01,2026-09-26T01:58:22.221Z,15,85,50
calidad-aire-01,2026-09-26T01:43:21.716Z,15,85,50
calidad-aire-01,2026-09-26T01:28:20.98Z,17.5,86,58.3
calidad-aire-01,2026-09-26T01:13:20.054Z,17.5,82,58.3
calidad-aire-01,2026-09-26T00:58:18.966Z,17.5,82,58.3
calidad-aire-01,2026-09-26T00:43:18.43Z,17.5,82,58.3
calidad-aire-01,2026-09-26T00:28:17.676Z,18.6,83,62
calidad-aire-01,2026-09-26T00:13:16.999Z,18.6,83,62
calidad-aire-01,2026-09-25T23:58:16.482Z,18.6,83,62
calidad-aire-01,2026-09-25T23:43:16.004Z,18.6,85,62
calidad-aire-01,2026-09-25T23:28:15.289Z,19.7,85,65.6
calidad-aire-01,2026-09-25T23:13:14.826Z,19.7,81,65.6
calidad-aire-01,2026-09-25T22:58:14.208Z,19.7,81,65.6
calidad-aire-01,2026-09-25T22:43:13.647Z,19.7,81,65.6
calidad-aire-01,2026-09-25T22:28:12.959Z,18.3,89,60.9
calidad-aire-01,2026-09-25T22:13:12.478Z,18.3,83,60.9
calidad-aire-01,2026-09-25T21:58:11.898Z,18.3,83,60.9
calidad-aire-01,2026-09-25T21:43:11.304Z,18.3,83,60.9
calidad-aire-01,2026-09-25T21:28:10.709Z,19,77,63.2
calidad-aire-01,2026-09-25T21:13:09.991Z,19,72,63.2
calidad-aire-01,2026-09-25T20:58:09.394Z,19,72,63.2
calidad-aire-01,2026-09-25T20:43:08.794Z,19,72,63.2
calidad-aire-01,2026-09-25T20:28:08.149Z,19.7,71,65.6
calidad-aire-01,2026-09-25T20:13:06.903Z,19.7,71,65.6
calidad-aire-01,2026-09-25T19:58:05.8Z,19.7,68,65.6
calidad-aire-01,2026-09-25T19:43:05.258Z,19.7,68,65.6
calidad-aire-01,2026-09-25T19:28:04.625Z,21,67,70.1
calidad-aire-01,2026-09-25T19:13:03.998Z,21,67,70.1
calidad-aire-01,2026-09-25T18:58:03.403Z,21,64,70.1
calidad-aire-01,2026-09-25T18:43:02.944Z,21,64,70.1
calidad-aire-01,2026-09-25T18:28:02.23Z,21.8,64,72.5
calidad-aire-01,2026-09-25T18:13:01.576Z,21.8,68,72.5
calidad-aire-01,2026-09-25T17:57:58.423Z,21.8,68,72.5
calidad-aire-01,2026-09-25T17:42:57.87Z,21.8,68,72.5
calidad-aire-01,2026-09-25T17:27:57.299Z,21.8,66,72.5
calidad-aire-01,2026-09-25T17:12:56.704Z,22.5,70,75
calidad-aire-01,2026-09-25T16:57:56.192Z,22.5,70,75
calidad-aire-01,2026-09-25T16:42:55.731Z,22.5,70,75
calidad-aire-01,2026-09-25T16:27:55.099Z,22.5,69,75
calidad-aire-01,2026-09-25T16:12:54.576Z,23.1,76,76.9
calidad-aire-01,2026-09-25T15:57:53.028Z,23.1,76,76.9
calidad-aire-01,2026-09-25T15:42:52.562Z,23.1,78,76.9
calidad-aire-01,2026-09-25T15:27:51.879Z,23.6,78,78.8
calidad-aire-01,2026-09-25T15:12:51.407Z,23.6,88,78.8
calidad-aire-01,2026-09-25T14:57:50.81Z,23.6,88,78.8
calidad-aire-01,2026-09-25T14:42:49.989Z,23.6,88,78.8
calidad-aire-01,2026-09-25T14:27:49.513Z,24.2,80,80.8
calidad-aire-01,2026-09-25T14:12:48.853Z,24.2,84,80.8
calidad-aire-01,2026-09-25T13:57:48.122Z,24.2,84,80.8
calidad-aire-01,2026-09-25T13:42:47.557Z,24.2,84,80.8
calidad-aire-01,2026-09-27T14:03:11.151Z,12.8,85,43.2
calidad-aire-01,2026-09-27T14:48:12.753Z,12.5,79,42.4
calidad-aire-01,2026-09-27T13:48:10.477Z,12.8,85,43.2
calidad-aire-01,2026-09-27T15:18:14.144Z,12.5,72,42.4
calidad-aire-01,2026-09-25T13:27:46.917Z,15.1,82,50.4
calidad-aire-01,2026-09-25T13:12:46.236Z,15.1,85,50.4
calidad-aire-01,2026-09-25T12:57:45.604Z,15.1,85,50.4
calidad-aire-01,2026-09-25T12:42:45.072Z,15.1,85,50.4
calidad-aire-01,2026-09-25T12:27:44.639Z,14.9,84,49.6
calidad-aire-01,2026-09-25T12:12:43.972Z,14.9,90,49.6
calidad-aire-01,2026-09-25T11:57:43.41Z,14.9,90,49.6
calidad-aire-01,2026-09-25T11:42:42.662Z,14.9,88,49.6
calidad-aire-01,2026-09-25T11:27:42.075Z,14.6,88,48.9
calidad-aire-01,2026-09-25T11:12:41.278Z,14.6,89,48.9
calidad-aire-01,2026-09-25T10:57:40.661Z,14.6,89,48.9
calidad-aire-01,2026-09-25T10:42:40.122Z,14.6,89,48.9
calidad-aire-01,2026-09-25T10:27:39.598Z,10.9,89,37.7
calidad-aire-01,2026-09-25T10:12:39.162Z,10.9,93,37.7
calidad-aire-01,2026-09-25T09:57:38.59Z,10.9,93,37.7
calidad-aire-01,2026-09-25T09:42:38.125Z,10.9,94,37.7
calidad-aire-01,2026-09-25T09:27:37.159Z,10.9,94,37.7
calidad-aire-01,2026-09-25T09:12:36.568Z,10.9,88,37.7
calidad-aire-01,2026-09-25T08:57:35.93Z,10.9,88,37.7
calidad-aire-01,2026-09-25T08:42:35.271Z,10.9,88,37.7
calidad-aire-01,2026-09-25T08:27:34.724Z,10.9,89,37.8
calidad-aire-01,2026-09-25T08:12:33.883Z,10.9,87,37.8
calidad-aire-01,2026-09-25T07:57:33.115Z,10.9,87,37.8
calidad-aire-01,2026-09-25T07:42:32.528Z,10.9,90,37.8
calidad-aire-01,2026-09-25T07:27:31.9Z,9.7,90,34.2
calidad-aire-01,2026-09-25T07:12:31.351Z,9.7,87,34.2
calidad-aire-01,2026-09-25T06:57:30.522Z,9.7,87,34.2
calidad-aire-01,2026-09-25T06:42:29.913Z,9.7,87,34.2
calidad-aire-01,2026-09-25T06:27:29.169Z,10.2,88,35.8
calidad-aire-01,2026-09-25T06:12:28.605Z,10.2,89,35.8
calidad-aire-01,2026-09-25T05:57:28.014Z,10.2,89,35.8
calidad-aire-01,2026-09-25T05:42:27.425Z,10.2,89,35.8
calidad-aire-01,2026-09-25T05:27:26.627Z,10.8,89,37.3
calidad-aire-01,2026-09-25T05:12:26.057Z,10.8,91,37.3
calidad-aire-01,2026-09-25T04:57:25.525Z,10.8,91,37.3
calidad-aire-01,2026-09-25T04:42:25.026Z,10.8,92,37.3
calidad-aire-01,2026-09-25T04:27:24.49Z,11.6,92,39.7
calidad-aire-01,2026-09-25T04:12:24.026Z,11.6,92,39.7
calidad-aire-01,2026-09-25T03:57:23.364Z,11.6,92,39.7
calidad-aire-01,2026-09-25T03:42:22.691Z,11.6,92,39.7
calidad-aire-01,2026-09-25T03:27:22.141Z,12.1,93,41.4
calidad-aire-01,2026-09-25T03:12:21.683Z,12.1,87,41.4
calidad-aire-01,2026-09-25T02:57:21.086Z,12.1,87,41.4
calidad-aire-01,2026-09-25T02:42:20.419Z,12.1,87,41.4
calidad-aire-01,2026-09-25T02:27:19.772Z,12.7,89,43.2
calidad-aire-01,2026-09-25T02:12:18.741Z,12.7,82,43.2
calidad-aire-01,2026-09-25T01:57:18.102Z,12.7,82,43.2
calidad-aire-01,2026-09-25T01:42:17.558Z,12.7,82,43.2
calidad-aire-01,2026-09-25T01:27:16.86Z,14,83,46.9
calidad-aire-01,2026-09-25T01:12:16.234Z,14,77,46.9
calidad-aire-01,2026-09-25T00:57:15.547Z,14,77,46.9
calidad-aire-01,2026-09-25T00:42:14.95Z,14,77,46.9
calidad-aire-01,2026-09-25T00:27:14.401Z,14.1,78,47.4
calidad-aire-01,2026-09-25T00:12:13.8Z,14.1,74,47.4
calidad-aire-01,2026-09-24T23:57:13.186Z,14.1,74,47.4
calidad-aire-01,2026-09-24T23:42:12.486Z,14.1,74,47.4
calidad-aire-01,2026-09-24T23:27:11.831Z,14.3,75,47.9
calidad-aire-01,2026-09-24T23:12:11.141Z,14.3,68,47.9
calidad-aire-01,2026-09-24T22:57:10.657Z,14.3,68,47.9
calidad-aire-01,2026-09-24T22:42:10.117Z,14.3,69,47.9
calidad-aire-01,2026-09-24T22:27:09.544Z,14.1,69,47.4
calidad-aire-01,2026-09-24T22:12:08.884Z,14.1,64,47.4
calidad-aire-01,2026-09-24T21:57:08.348Z,14.1,64,47.4
calidad-aire-01,2026-09-24T21:42:07.527Z,14.1,64,47.4
calidad-aire-01,2026-09-24T21:27:06.994Z,14.3,65,47.8
calidad-aire-01,2026-09-24T21:12:06.489Z,14.3,62,47.8
calidad-aire-01,2026-09-24T20:57:05.795Z,14.3,62,47.8
calidad-aire-01,2026-09-24T20:42:03.209Z,14.3,63,47.8
calidad-aire-01,2026-09-24T20:27:02.619Z,14.4,63,48.2
calidad-aire-01,2026-09-24T20:12:02.012Z,14.4,61,48.2
calidad-aire-01,2026-09-24T19:57:01.319Z,14.4,61,48.2
calidad-aire-01,2026-09-24T19:41:59.504Z,14.4,61,48.2
calidad-aire-01,2026-09-24T19:26:58.929Z,13.4,61,45.3
calidad-aire-01,2026-09-24T19:11:58.344Z,13.4,60,45.3
calidad-aire-01,2026-09-24T18:56:57.642Z,13.4,60,45.3
calidad-aire-01,2026-09-24T18:41:57.013Z,13.4,60,45.3
calidad-aire-01,2026-09-24T18:26:56.46Z,13.2,59,44.7
calidad-aire-01,2026-09-24T18:11:56.044Z,13.2,63,44.7
calidad-aire-01,2026-09-24T17:56:55.44Z,13.2,63,44.7
calidad-aire-01,2026-09-24T17:41:54.892Z,13.2,62,44.7
calidad-aire-01,2026-09-24T17:26:54.226Z,13,62,44
calidad-aire-01,2026-09-24T17:11:53.745Z,13,67,44
calidad-aire-01,2026-09-24T16:56:53.093Z,13,67,44
calidad-aire-01,2026-09-24T16:41:52.441Z,13,65,44
calidad-aire-01,2026-09-24T16:26:51.796Z,13.5,65,45.4
calidad-aire-01,2026-09-24T16:11:51.182Z,13.5,71,45.4
calidad-aire-01,2026-09-24T15:56:50.458Z,13.5,71,45.4
calidad-aire-01,2026-09-24T15:41:49.853Z,13.5,71,45.4
calidad-aire-01,2026-09-24T15:26:49.312Z,12.6,74,42.9
calidad-aire-01,2026-09-24T15:11:48.776Z,12.6,85,42.9
calidad-aire-01,2026-09-24T14:56:48.238Z,12.6,85,42.9
calidad-aire-01,2026-09-24T14:41:47.74Z,12.6,85,42.9
calidad-aire-01,2026-09-24T14:26:47.117Z,11.8,76,40.4
calidad-aire-01,2026-09-24T14:11:45.08Z,11.8,78,40.4
calidad-aire-01,2026-09-24T13:56:44.38Z,11.8,78,40.4
calidad-aire-01,2026-09-24T13:41:43.731Z,11.8,78,40.4
calidad-aire-01,2026-09-24T13:26:42.953Z,9,76,34.7
calidad-aire-01,2026-09-24T13:11:42.294Z,9,81,34.7
calidad-aire-01,2026-09-24T12:56:41.691Z,9,81,34.7
calidad-aire-01,2026-09-24T12:41:41.013Z,9,80,34.7
calidad-aire-01,2026-09-24T12:26:40.394Z,9,80,33.2
calidad-aire-01,2026-09-24T12:11:39.909Z,9,81,33.2
calidad-aire-01,2026-09-24T11:56:38.851Z,9,81,33.2
calidad-aire-01,2026-09-24T11:41:38.254Z,9,79,33.2
calidad-aire-01,2026-09-24T11:26:37.494Z,9,79,32
calidad-aire-01,2026-09-24T11:11:36.948Z,9,82,32
calidad-aire-01,2026-09-24T10:56:36.327Z,9,82,32
calidad-aire-01,2026-09-24T10:41:35.832Z,9,82,32
calidad-aire-01,2026-09-24T10:26:35.025Z,10.5,82,36.4
calidad-aire-01,2026-09-24T10:11:34.364Z,10.5,88,36.4
calidad-aire-01,2026-09-24T09:56:33.841Z,10.5,88,36.4
calidad-aire-01,2026-09-24T09:41:33.222Z,10.5,88,36.4
calidad-aire-01,2026-09-24T09:26:32.437Z,10.9,88,37.8
calidad-aire-01,2026-09-24T09:11:31.955Z,10.9,82,37.8
calidad-aire-01,2026-09-24T08:56:31.324Z,10.9,82,37.8
calidad-aire-01,2026-09-24T08:41:30.801Z,10.9,82,37.8
calidad-aire-01,2026-09-24T08:26:29.996Z,11.4,83,39.3
calidad-aire-01,2026-09-24T08:11:29.42Z,11.4,80,39.3
calidad-aire-01,2026-09-24T07:56:28.879Z,11.4,80,39.3
calidad-aire-01,2026-09-24T07:41:28.357Z,11.4,80,39.3
calidad-aire-01,2026-09-24T07:26:27.81Z,13,81,44.1
calidad-aire-01,2026-09-24T07:11:27.064Z,13,79,44.1
calidad-aire-01,2026-09-24T06:56:24.153Z,13,79,44.1
calidad-aire-01,2026-09-24T06:41:23.697Z,13,79,44.1
calidad-aire-01,2026-09-24T06:26:23.196Z,13.8,80,46.3
calidad-aire-01,2026-09-24T06:11:22.596Z,13.8,79,46.3
calidad-aire-01,2026-09-24T05:56:22.072Z,13.8,79,46.3
calidad-aire-01,2026-09-24T05:41:21.433Z,13.8,79,46.3
calidad-aire-01,2026-09-24T05:26:20.821Z,14.5,80,48.6
calidad-aire-01,2026-09-24T05:11:20.239Z,14.5,84,48.6
calidad-aire-01,2026-09-24T04:56:19.707Z,14.5,84,48.6
calidad-aire-01,2026-09-24T04:41:18.892Z,14.5,85,48.6
calidad-aire-01,2026-09-24T04:26:18.17Z,14.8,85,49.4
calidad-aire-01,2026-09-24T04:11:17.439Z,14.8,84,49.4
calidad-aire-01,2026-09-24T03:56:16.956Z,14.8,84,49.4
calidad-aire-01,2026-09-24T03:41:16.288Z,14.8,87,49.4
calidad-aire-01,2026-09-24T03:26:15.378Z,16.1,87,53.7
calidad-aire-01,2026-09-24T03:11:14.351Z,16.1,81,53.7
calidad-aire-01,2026-09-24T02:56:13.732Z,16.1,81,53.7
calidad-aire-01,2026-09-24T02:41:13.084Z,16.1,85,53.7
calidad-aire-01,2026-09-24T02:26:12.173Z,17.4,85,58
calidad-aire-01,2026-09-24T02:11:11.529Z,17.4,78,58
calidad-aire-01,2026-09-24T01:56:10.877Z,17.4,78,58
calidad-aire-01,2026-09-24T01:41:10.197Z,17.4,80,58
calidad-aire-01,2026-09-24T01:26:09.083Z,18.9,80,63.1
calidad-aire-01,2026-09-24T01:11:08.451Z,18.9,75,63.1
calidad-aire-01,2026-09-24T00:56:07.749Z,18.9,75,63.1
calidad-aire-01,2026-09-24T00:41:06.773Z,18.9,75,63.1
calidad-aire-01,2026-09-24T00:26:06.093Z,19.3,76,64.4
calidad-aire-01,2026-09-24T00:11:03.611Z,19.3,73,64.4
calidad-aire-01,2026-09-23T23:56:03.01Z,19.3,73,64.4
calidad-aire-01,2026-09-23T23:41:02.301Z,19.3,74,64.4
calidad-aire-01,2026-09-23T23:26:01.661Z,19.7,74,65.8
calidad-aire-01,2026-09-23T23:11:01.162Z,19.7,67,65.8
calidad-aire-01,2026-09-23T22:56:00.579Z,19.7,67,65.8
calidad-aire-01,2026-09-23T22:41:00.078Z,19.7,67,65.8
calidad-aire-01,2026-09-23T22:25:59.503Z,18.7,67,62.3
calidad-aire-01,2026-09-23T22:10:58.911Z,18.7,64,62.3
calidad-aire-01,2026-09-23T21:55:58.411Z,18.7,64,62.3
calidad-aire-01,2026-09-23T21:40:57.581Z,18.7,64,62.3
calidad-aire-01,2026-09-23T21:25:56.996Z,19.3,64,64.4
calidad-aire-01,2026-09-23T21:10:56.172Z,19.3,61,64.4
calidad-aire-01,2026-09-23T20:55:55.275Z,19.3,61,64.4
calidad-aire-01,2026-09-23T20:40:54.581Z,19.3,61,64.4
calidad-aire-01,2026-09-23T20:25:53.826Z,19.9,61,66.5
calidad-aire-01,2026-09-23T20:10:53.061Z,19.9,61,66.5
calidad-aire-01,2026-09-23T19:55:51.92Z,19.9,61,66.5
calidad-aire-01,2026-09-23T19:40:51.293Z,19.9,61,66.5
calidad-aire-01,2026-09-23T19:25:50.67Z,17.3,61,57.6
calidad-aire-01,2026-09-23T19:10:50.045Z,17.3,57,57.6
calidad-aire-01,2026-09-23T18:55:49.342Z,17.3,57,57.6
calidad-aire-01,2026-09-23T18:40:48.565Z,17.3,64,57.6
calidad-aire-01,2026-09-23T18:25:47.964Z,17,64,56.6
calidad-aire-01,2026-09-23T18:10:47.288Z,17,77,56.6
calidad-aire-01,2026-09-23T17:55:46.591Z,17,77,56.6
calidad-aire-01,2026-09-23T17:40:45.871Z,17,69,56.6
calidad-aire-01,2026-09-23T17:25:45.228Z,16.7,69,55.5
calidad-aire-01,2026-09-23T17:10:44.598Z,16.7,63,55.5
calidad-aire-01,2026-09-23T16:55:43.845Z,16.7,63,55.5
calidad-aire-01,2026-09-23T16:40:43.122Z,16.7,62,55.5
calidad-aire-01,2026-09-23T16:25:42.589Z,16.4,62,54.5
calidad-aire-01,2026-09-23T16:25:18.098Z,16.4,66,54.5
calidad-aire-01,2026-09-23T16:21:33.757Z,16.4,66,54.5
calidad-aire-01,2026-09-27T13:33:09.862Z,11.6,83,41.2
calidad-aire-01,2026-09-27T13:18:09.296Z,11.6,83,41.2
calidad-aire-01,2026-09-27T13:03:08.748Z,11.6,87,41.2
calidad-aire-01,2026-09-27T12:48:08.268Z,11.6,87,41.2
calidad-aire-01,2026-09-27T12:33:07.543Z,12.6,88,42.9
calidad-aire-01,2026-09-27T12:18:06.873Z,12.6,88,42.9
calidad-aire-01,2026-09-27T12:03:06.097Z,12.6,96,42.9
calidad-aire-01,2026-09-27T11:48:05.517Z,12.6,96,42.9
calidad-aire-01,2026-09-27T11:33:04.868Z,13.7,97,46
calidad-aire-01,2026-09-27T11:18:04.164Z,13.7,97,46
calidad-aire-01,2026-09-27T11:03:03.65Z,13.7,100,46
calidad-aire-01,2026-09-27T10:48:03.031Z,13.7,100,46
calidad-aire-01,2026-09-27T10:33:02.459Z,13.7,100,46
calidad-aire-01,2026-09-27T10:18:01.817Z,12.3,93,42
calidad-aire-01,2026-09-27T10:03:01.297Z,12.3,93,42
calidad-aire-01,2026-09-27T09:48:00.517Z,12.3,93,42
calidad-aire-01,2026-09-27T09:32:59.94Z,12.3,93,42
calidad-aire-01,2026-09-27T09:17:59.185Z,12.8,93,43.4
calidad-aire-01,2026-09-27T09:02:58.684Z,12.8,93,43.4
calidad-aire-01,2026-09-27T08:47:58.148Z,12.8,93,43.4
calidad-aire-01,2026-09-27T08:32:57.368Z,13.2,93,44.7
calidad-aire-01,2026-09-27T08:17:56.551Z,13.2,94,44.7
calidad-aire-01,2026-09-27T08:02:55.933Z,13.2,94,44.7
calidad-aire-01,2026-09-27T07:47:55.29Z,13.2,94,44.7
calidad-aire-01,2026-09-27T07:32:54.654Z,11.7,96,40
calidad-aire-01,2026-09-27T07:17:54.126Z,11.7,96,40
calidad-aire-01,2026-09-27T07:02:53.509Z,11.7,89,40
calidad-aire-01,2026-09-27T06:47:52.838Z,11.7,89,40
calidad-aire-01,2026-09-27T06:32:52.368Z,12.3,90,42
calidad-aire-01,2026-09-27T06:17:51.718Z,12.3,89,42
calidad-aire-01,2026-09-27T06:02:51.071Z,12.3,89,42
calidad-aire-01,2026-09-27T05:47:50.518Z,12.3,89,42
calidad-aire-01,2026-09-27T05:32:49.928Z,12.3,91,42
calidad-aire-01,2026-09-27T05:17:49.391Z,13,91,44.1
calidad-aire-01,2026-09-27T05:02:48.701Z,13,86,44.1
calidad-aire-01,2026-09-27T04:47:48.238Z,13,86,44.1
calidad-aire-01,2026-09-27T04:32:47.485Z,12.9,87,43.8
calidad-aire-01,2026-09-27T04:17:46.79Z,12.9,87,43.8
calidad-aire-01,2026-09-27T04:02:46.005Z,12.9,83,43.8
calidad-aire-01,2026-09-27T03:47:45.373Z,12.9,83,43.8
calidad-aire-01,2026-09-27T03:32:44.915Z,12.9,84,43.8
calidad-aire-01,2026-09-27T03:17:44.189Z,13.1,85,44.3
calidad-aire-01,2026-09-27T03:02:43.549Z,13.1,85,44.3
calidad-aire-01,2026-09-27T02:47:41.968Z,13.1,85,44.3
calidad-aire-01,2026-09-27T02:32:40.805Z,13.3,85,44.8
calidad-aire-01,2026-09-27T02:17:40.048Z,13.3,85,44.8
calidad-aire-01,2026-09-27T02:02:39.55Z,13.3,84,44.8
calidad-aire-01,2026-09-27T01:47:38.816Z,13.3,84,44.8
calidad-aire-01,2026-09-27T01:32:38.268Z,13.3,85,44.8
calidad-aire-01,2026-09-27T01:17:37.6Z,13.8,85,46.5
calidad-aire-01,2026-09-27T01:02:37.07Z,13.8,82,46.5
calidad-aire-01,2026-09-27T00:47:36.582Z,13.8,82,46.5
calidad-aire-01,2026-09-27T00:32:35.957Z,13.8,82,46.5
calidad-aire-01,2026-09-27T00:17:35.297Z,13.9,82,46.7
calidad-aire-01,2026-09-27T00:02:34.741Z,13.9,79,46.7
calidad-aire-01,2026-09-26T23:47:33.904Z,13.9,79,46.7
calidad-aire-01,2026-09-26T23:32:33.106Z,13.9,79,46.7
calidad-aire-01,2026-09-26T23:17:32.472Z,14,79,46.9
calidad-aire-01,2026-09-26T23:02:31.538Z,14,73,46.9
calidad-aire-01,2026-09-26T22:47:30.595Z,14,73,46.9
calidad-aire-01,2026-09-26T22:32:29.983Z,12.8,73,43.2
calidad-aire-01,2026-09-26T22:17:29.349Z,12.8,74,43.2
calidad-aire-01,2026-09-26T22:02:28.619Z,12.8,74,43.2
calidad-aire-01,2026-09-26T21:47:28.094Z,12.8,74,43.2
calidad-aire-01,2026-09-26T21:32:27.463Z,12.8,74,43.2
calidad-aire-01,2026-09-26T21:17:26.601Z,12.6,74,42.7
calidad-aire-01,2026-09-26T21:02:26.108Z,12.6,77,42.7
calidad-aire-01,2026-09-26T20:47:25.523Z,12.6,77,42.7
calidad-aire-01,2026-09-26T20:32:24.708Z,12.6,87,42.7
calidad-aire-01,2026-09-26T20:17:23.973Z,12.3,79,42
calidad-aire-01,2026-09-26T20:02:23.418Z,12.3,79,42
calidad-aire-01,2026-09-26T19:47:22.758Z,12.3,79,42
calidad-aire-01,2026-09-26T19:32:22.154Z,13.1,78,44.4
calidad-aire-01,2026-09-26T19:17:21.391Z,13.1,86,44.4
calidad-aire-01,2026-09-26T19:02:20.647Z,13.1,86,44.4
calidad-aire-01,2026-09-26T18:47:19.773Z,13.1,86,44.4
calidad-aire-01,2026-09-26T18:32:18.068Z,13.1,80,44.4
calidad-aire-01,2026-09-26T18:17:17.333Z,12.9,75,43.6
calidad-aire-01,2026-09-26T18:02:16.25Z,12.9,75,43.6
calidad-aire-01,2026-09-26T17:47:15.334Z,12.9,75,43.6
calidad-aire-01,2026-09-26T17:32:14.709Z,12.9,72,43.6
calidad-aire-01,2026-09-26T17:17:13.967Z,12.6,74,42.8
calidad-aire-01,2026-09-26T17:02:13.303Z,12.6,74,42.8
calidad-aire-01,2026-09-26T16:47:12.424Z,12.6,74,42.8
calidad-aire-01,2026-09-26T16:32:11.698Z,10.6,73,36.9
calidad-aire-01,2026-09-26T16:17:11.176Z,10.6,78,36.9
calidad-aire-01,2026-09-26T16:02:10.567Z,10.6,78,36.9
calidad-aire-01,2026-09-26T15:47:09.867Z,10.6,78,36.9
calidad-aire-01,2026-09-26T15:32:09.132Z,10.1,76,35.2
calidad-aire-01,2026-09-26T15:17:08.595Z,10.1,76,35.2
calidad-aire-01,2026-09-26T15:02:07.914Z,10.1,82,35.2
calidad-aire-01,2026-09-26T14:47:07.085Z,10.1,82,35.2
calidad-aire-01,2026-09-26T14:32:06.439Z,9.5,80,35.2
calidad-aire-01,2026-09-26T14:17:05.766Z,9.5,80,35.2
calidad-aire-01,2026-09-26T14:02:05.253Z,9.5,87,35.2
calidad-aire-01,2026-09-26T13:47:04.695Z,9.5,87,35.2
