id,ts,lluviaLote,humedadFoliar
estacion-campo-01,2026-09-27T13:51:06.772Z,0,33.5
estacion-campo-01,2026-09-27T14:26:07.005Z,0,38.9
estacion-campo-01,2026-09-27T14:41:07.103Z,0,40.2
estacion-campo-01,2026-09-26T13:40:54.331Z,0,30.3
estacion-campo-01,2026-09-26T13:35:54.353Z,0,32.1
estacion-campo-01,2026-09-26T13:30:54.284Z,0,31.3
estacion-campo-01,2026-09-26T13:25:54.201Z,0,31.5
estacion-campo-01,2026-09-26T13:20:54.205Z,0,28.6
estacion-campo-01,2026-09-26T13:15:54.205Z,0,33.5
estacion-campo-01,2026-09-26T13:10:54.186Z,0,30.1
estacion-campo-01,2026-09-26T13:05:54.189Z,0,30.5
estacion-campo-01,2026-09-26T13:00:54.15Z,0,31
estacion-campo-01,2026-09-26T12:55:54.041Z,0,28.2
estacion-campo-01,2026-09-26T12:50:54.047Z,0,31.3
estacion-campo-01,2026-09-26T12:45:54.029Z,0,27.9
estacion-campo-01,2026-09-26T12:40:53.95Z,0,27.8
estacion-campo-01,2026-09-26T12:35:53.956Z,0,27.7
estacion-campo-01,2026-09-26T12:30:53.884Z,0,25.7
estacion-campo-01,2026-09-26T12:25:53.813Z,0,29.6
estacion-campo-01,2026-09-26T12:20:53.813Z,0,26.2
estacion-campo-01,2026-09-26T12:15:53.787Z,0,22.4
estacion-campo-01,2026-09-26T12:10:53.767Z,0,26.1
estacion-campo-01,2026-09-26T12:05:53.777Z,0,21.5
estacion-campo-01,2026-09-26T12:00:53.727Z,0,28
estacion-campo-01,2026-09-26T11:55:53.66Z,0,23.8
estacion-campo-01,2026-09-26T11:50:53.65Z,0,21.9
estacion-campo-01,2026-09-26T11:45:53.583Z,0,27.2
estacion-campo-01,2026-09-26T11:40:53.496Z,0,22
estacion-campo-01,2026-09-26T11:35:53.457Z,0,26.8
estacion-campo-01,2026-09-26T11:30:53.404Z,0,20.6
estacion-campo-01,2026-09-26T11:25:53.429Z,0,26.1
estacion-campo-01,2026-09-26T11:20:53.377Z,0,24.9
estacion-campo-01,2026-09-26T11:15:53.31Z,0,21.9
estacion-campo-01,2026-09-26T11:10:53.228Z,0,22
estacion-campo-01,2026-09-26T11:05:53.227Z,0,18
estacion-campo-01,2026-09-26T11:00:53.164Z,0,24.7
estacion-campo-01,2026-09-26T10:55:53.069Z,0,19.6
estacion-campo-01,2026-09-26T10:50:53.003Z,0,24.3
estacion-campo-01,2026-09-26T10:45:53.004Z,0,17.1
estacion-campo-01,2026-09-26T10:40:52.913Z,0,21.5
estacion-campo-01,2026-09-26T10:35:52.891Z,0,15.4
estacion-campo-01,2026-09-26T10:30:52.821Z,0,18.1
estacion-campo-01,2026-09-26T09:45:52.249Z,0,16.6
estacion-campo-01,2026-09-26T09:40:52.238Z,0,13.2
estacion-campo-01,2026-09-26T09:35:52.235Z,0,20.5
estacion-campo-01,2026-09-26T09:30:52.136Z,0,16.7
estacion-campo-01,2026-09-26T09:25:52.146Z,0,16.4
estacion-campo-01,2026-09-26T09:20:52.076Z,0,19.3
estacion-campo-01,2026-09-26T09:15:51.99Z,0,16.4
estacion-campo-01,2026-09-26T09:10:51.995Z,0,13.9
estacion-campo-01,2026-09-26T09:05:51.957Z,0,13.3
estacion-campo-01,2026-09-26T09:00:51.854Z,0,10.5
estacion-campo-01,2026-09-26T08:55:51.873Z,0,10.9
estacion-campo-01,2026-09-26T08:50:51.8Z,0,13.6
estacion-campo-01,2026-09-26T08:45:51.773Z,0.6,87.6
estacion-campo-01,2026-09-26T08:40:51.774Z,0,13.4
estacion-campo-01,2026-09-26T08:35:51.765Z,0,13.8
estacion-campo-01,2026-09-26T08:30:51.712Z,0,9.7
estacion-campo-01,2026-09-26T08:25:51.719Z,0,7.4
estacion-campo-01,2026-09-26T08:20:51.646Z,0,9.9
estacion-campo-01,2026-09-26T08:15:51.609Z,0,13.3
estacion-campo-01,2026-09-26T08:10:51.602Z,0,13.9
estacion-campo-01,2026-09-26T08:05:51.573Z,0,14.5
estacion-campo-01,2026-09-26T08:00:51.506Z,0,6.9
estacion-campo-01,2026-09-26T07:55:51.494Z,0,11.3
estacion-campo-01,2026-09-26T07:50:51.463Z,0,14.1
estacion-campo-01,2026-09-26T07:45:51.382Z,0,7.3
estacion-campo-01,2026-09-26T07:40:51.37Z,0,8.5
estacion-campo-01,2026-09-26T07:35:51.312Z,0,9.6
estacion-campo-01,2026-09-26T07:30:51.269Z,0,10.2
estacion-campo-01,2026-09-26T07:25:51.237Z,0,10.2
estacion-campo-01,2026-09-26T07:20:51.214Z,0,7.4
estacion-campo-01,2026-09-26T07:15:51.145Z,0,11.9
estacion-campo-01,2026-09-26T07:10:51.154Z,0,10.9
estacion-campo-01,2026-09-26T07:05:51.131Z,0,11.1
estacion-campo-01,2026-09-26T07:00:51.078Z,0,5
estacion-campo-01,2026-09-26T06:55:51.082Z,0,5
estacion-campo-01,2026-09-26T06:50:51.084Z,0,5
estacion-campo-01,2026-09-26T06:45:51.071Z,0,7.2
estacion-campo-01,2026-09-26T06:40:50.999Z,0,5
estacion-campo-01,2026-09-26T06:35:51Z,0,6.7
estacion-campo-01,2026-09-26T06:30:50.929Z,0,5.6
estacion-campo-01,2026-09-26T06:25:50.883Z,0,8.3
estacion-campo-01,2026-09-26T06:20:50.845Z,0,8.1
estacion-campo-01,2026-09-26T06:15:50.782Z,0,7.4
estacion-campo-01,2026-09-26T06:10:50.788Z,0,5
estacion-campo-01,2026-09-26T06:05:50.774Z,0,5
estacion-campo-01,2026-09-26T06:00:50.678Z,0,5
estacion-campo-01,2026-09-26T05:55:50.617Z,0,5
estacion-campo-01,2026-09-26T05:50:50.585Z,0,5
estacion-campo-01,2026-09-26T05:45:50.527Z,0,5
estacion-campo-01,2026-09-26T05:40:50.434Z,0,5
estacion-campo-01,2026-09-26T05:35:50.399Z,0,5
estacion-campo-01,2026-09-26T04:50:49.886Z,0,5
estacion-campo-01,2026-09-26T04:45:49.901Z,0,11
estacion-campo-01,2026-09-26T04:40:49.847Z,0,9.8
estacion-campo-01,2026-09-26T04:35:49.819Z,0,12.3
estacion-campo-01,2026-09-26T04:30:49.824Z,0,8.3
estacion-campo-01,2026-09-26T04:25:49.783Z,0,12.6
estacion-campo-01,2026-09-26T04:20:49.768Z,0,9.1
estacion-campo-01,2026-09-26T04:15:49.769Z,0,13.6
estacion-campo-01,2026-09-26T04:10:49.745Z,0,6.5
estacion-campo-01,2026-09-26T04:05:49.67Z,0,9.3
estacion-campo-01,2026-09-26T04:00:49.661Z,0,14.7
estacion-campo-01,2026-09-26T03:55:49.619Z,1.2,96.6
estacion-campo-01,2026-09-26T03:50:49.605Z,0,9.8
estacion-campo-01,2026-09-26T03:45:49.592Z,0,6.2
estacion-campo-01,2026-09-26T03:40:49.574Z,0.8,90.7
estacion-campo-01,2026-09-26T03:35:49.498Z,0,10.5
estacion-campo-01,2026-09-26T03:30:49.503Z,0,10
estacion-campo-01,2026-09-26T03:25:49.49Z,0,10.6
estacion-campo-01,2026-09-26T03:20:49.382Z,0,12.8
estacion-campo-01,2026-09-26T03:15:49.382Z,0,14.6
estacion-campo-01,2026-09-26T03:10:49.341Z,0,8.5
estacion-campo-01,2026-09-26T03:05:49.291Z,0,13.8
estacion-campo-01,2026-09-26T03:00:49.279Z,0,15.6
estacion-campo-01,2026-09-26T02:55:49.243Z,0,14.2
estacion-campo-01,2026-09-26T02:50:49.154Z,0,17.1
estacion-campo-01,2026-09-26T02:45:49.145Z,0,16.1
estacion-campo-01,2026-09-26T02:40:49.084Z,0.8,88.8
estacion-campo-01,2026-09-26T02:35:49.022Z,0,11.6
estacion-campo-01,2026-09-26T02:30:49.014Z,0,13.4
estacion-campo-01,2026-09-26T02:25:48.977Z,0,16.1
estacion-campo-01,2026-09-26T02:20:48.894Z,0,13.2
estacion-campo-01,2026-09-26T02:15:48.88Z,0,15.7
estacion-campo-01,2026-09-26T02:10:48.879Z,0,14.7
estacion-campo-01,2026-09-26T02:05:48.866Z,0,22.4
estacion-campo-01,2026-09-26T02:00:48.873Z,0,20.2
estacion-campo-01,2026-09-26T01:55:48.81Z,0,20.1
estacion-campo-01,2026-09-26T01:50:48.747Z,0,20.3
estacion-campo-01,2026-09-26T01:45:48.666Z,0,20.3
estacion-campo-01,2026-09-26T01:40:48.611Z,0,17.6
estacion-campo-01,2026-09-26T01:35:48.597Z,0,15.2
estacion-campo-01,2026-09-26T01:30:48.54Z,0,18.9
estacion-campo-01,2026-09-26T01:25:48.492Z,0,17.8
estacion-campo-01,2026-09-26T01:20:48.424Z,0,21.3
estacion-campo-01,2026-09-26T01:15:48.418Z,0,23.9
estacion-campo-01,2026-09-26T01:10:48.367Z,0,21.9
estacion-campo-01,2026-09-26T01:05:48.25Z,0,17.7
estacion-campo-01,2026-09-26T01:00:48.218Z,0,24.7
estacion-campo-01,2026-09-26T00:55:48.163Z,0,23.3
estacion-campo-01,2026-09-26T00:50:48.132Z,0.6,85
estacion-campo-01,2026-09-26T00:45:48.06Z,0,26.5
estacion-campo-01,2026-09-26T00:40:48.01Z,0,25.5
estacion-campo-01,2026-09-25T23:55:47.641Z,0,28.3
estacion-campo-01,2026-09-25T23:50:47.633Z,0,28.3
estacion-campo-01,2026-09-25T23:45:47.607Z,0,30
estacion-campo-01,2026-09-25T23:40:47.554Z,0,24.1
estacion-campo-01,2026-09-25T23:35:47.547Z,0,30.7
estacion-campo-01,2026-09-25T23:30:47.505Z,0,24.6
estacion-campo-01,2026-09-25T23:25:47.448Z,0,32
estacion-campo-01,2026-09-25T23:20:47.444Z,0,32.4
estacion-campo-01,2026-09-25T23:15:47.41Z,0,30.6
estacion-campo-01,2026-09-25T23:10:47.361Z,0,26.1
estacion-campo-01,2026-09-25T23:05:47.366Z,0.6,94.2
estacion-campo-01,2026-09-25T23:00:47.315Z,0,29.4
estacion-campo-01,2026-09-25T22:55:47.22Z,0,28.6
estacion-campo-01,2026-09-25T22:50:47.241Z,0,86.6
estacion-campo-01,2026-09-25T22:45:47.151Z,0,28
estacion-campo-01,2026-09-25T22:40:47.078Z,0.4,87
estacion-campo-01,2026-09-25T22:35:47.088Z,0,34.4
estacion-campo-01,2026-09-25T22:30:47.069Z,0,31.9
estacion-campo-01,2026-09-25T22:25:46.999Z,0,36.9
estacion-campo-01,2026-09-25T22:20:47.004Z,0,35.9
estacion-campo-01,2026-09-25T22:15:46.938Z,0.6,86.8
estacion-campo-01,2026-09-25T22:10:46.888Z,0,36.3
estacion-campo-01,2026-09-25T22:05:46.902Z,1,95
estacion-campo-01,2026-09-25T22:00:46.847Z,0,38.4
estacion-campo-01,2026-09-25T21:55:46.813Z,0,36.5
estacion-campo-01,2026-09-25T21:50:46.802Z,0.8,99.8
estacion-campo-01,2026-09-25T21:45:46.755Z,0,33.8
estacion-campo-01,2026-09-25T21:40:46.754Z,0,30.8
estacion-campo-01,2026-09-25T21:35:46.757Z,0,34.4
estacion-campo-01,2026-09-25T21:30:46.75Z,0,35.3
estacion-campo-01,2026-09-25T21:25:46.726Z,0,89.8
estacion-campo-01,2026-09-25T21:20:46.719Z,0,86.8
estacion-campo-01,2026-09-25T21:15:46.675Z,0,34.1
estacion-campo-01,2026-09-25T21:10:46.659Z,0,39.4
estacion-campo-01,2026-09-25T21:05:46.656Z,0,36.7
estacion-campo-01,2026-09-25T21:00:46.606Z,0,41.7
estacion-campo-01,2026-09-25T20:55:46.488Z,0,41.2
estacion-campo-01,2026-09-25T20:50:46.493Z,0,43.4
estacion-campo-01,2026-09-25T20:45:46.475Z,0,39
estacion-campo-01,2026-09-25T20:40:46.385Z,0,37.1
estacion-campo-01,2026-09-25T20:35:46.387Z,0,41.5
estacion-campo-01,2026-09-25T20:30:46.318Z,0,38.8
estacion-campo-01,2026-09-25T20:25:46.237Z,0,43.7
estacion-campo-01,2026-09-25T20:20:46.231Z,0,43.5
estacion-campo-01,2026-09-25T20:15:46.185Z,0,37.2
estacion-campo-01,2026-09-25T20:10:46.177Z,0,36.9
estacion-campo-01,2026-09-25T20:05:46.083Z,0,39.1
estacion-campo-01,2026-09-25T20:00:46.034Z,0,41.3
estacion-campo-01,2026-09-25T19:55:45.954Z,0.4,87
estacion-campo-01,2026-09-25T19:50:45.875Z,0,43.3
estacion-campo-01,2026-09-25T19:45:45.864Z,0,44.7
estacion-campo-01,2026-09-25T19:00:45.187Z,0,42
estacion-campo-01,2026-09-25T18:55:45.175Z,0,50.4
estacion-campo-01,2026-09-25T18:50:45.116Z,0,47.7
estacion-campo-01,2026-09-25T18:45:45.108Z,0,87.3
estacion-campo-01,2026-09-25T18:40:45.109Z,0,43
estacion-campo-01,2026-09-25T18:35:45.04Z,0,49.1
estacion-campo-01,2026-09-25T18:30:45.046Z,0.2,94.6
estacion-campo-01,2026-09-25T18:25:45.027Z,0.4,94.7
estacion-campo-01,2026-09-25T18:20:45.006Z,1.2,91.5
estacion-campo-01,2026-09-25T18:15:44.895Z,0,45
estacion-campo-01,2026-09-25T18:10:44.909Z,0,45.4
estacion-campo-01,2026-09-25T18:05:44.862Z,0,49.7
estacion-campo-01,2026-09-25T18:00:44.85Z,0,47.4
estacion-campo-01,2026-09-25T17:55:44.862Z,0,48.5
estacion-campo-01,2026-09-25T17:50:44.833Z,0,47
estacion-campo-01,2026-09-25T17:45:44.753Z,0,46.1
estacion-campo-01,2026-09-25T17:40:44.762Z,0,44.5
estacion-campo-01,2026-09-25T17:35:44.697Z,0,44.1
estacion-campo-01,2026-09-25T17:30:44.651Z,0,44.7
estacion-campo-01,2026-09-25T17:25:44.647Z,0,43.9
estacion-campo-01,2026-09-25T17:20:44.599Z,0,45.3
estacion-campo-01,2026-09-25T17:15:44.527Z,1,96.6
estacion-campo-01,2026-09-25T17:10:44.534Z,0,42.4
estacion-campo-01,2026-09-25T17:05:44.522Z,0,49.7
estacion-campo-01,2026-09-25T17:00:44.414Z,0,50.7
estacion-campo-01,2026-09-25T16:55:44.406Z,0,48.9
estacion-campo-01,2026-09-25T16:50:44.37Z,0,45.5
estacion-campo-01,2026-09-25T16:45:44.285Z,0,49.6
estacion-campo-01,2026-09-25T16:40:44.29Z,0,44.9
estacion-campo-01,2026-09-25T16:35:44.249Z,0,44.2
estacion-campo-01,2026-09-25T16:30:44.148Z,0,48.5
estacion-campo-01,2026-09-25T16:25:44.158Z,0,42.3
estacion-campo-01,2026-09-25T16:20:44.135Z,0,44.6
estacion-campo-01,2026-09-25T16:15:44.084Z,0,39.9
estacion-campo-01,2026-09-25T16:10:44.087Z,0,40.7
estacion-campo-01,2026-09-25T16:05:44.039Z,0,39.4
estacion-campo-01,2026-09-25T16:00:44.026Z,0,42.5
estacion-campo-01,2026-09-25T15:55:43.978Z,0,39.1
estacion-campo-01,2026-09-25T15:50:43.982Z,0,41.6
estacion-campo-01,2026-09-25T15:45:43.997Z,0,39.8
estacion-campo-01,2026-09-25T15:40:43.972Z,0,36
estacion-campo-01,2026-09-25T15:35:43.897Z,0,37.8
estacion-campo-01,2026-09-25T15:30:43.892Z,0,37.5
estacion-campo-01,2026-09-25T15:25:43.9Z,0,38.8
estacion-campo-01,2026-09-25T15:20:43.844Z,0,42.3
estacion-campo-01,2026-09-25T15:15:43.793Z,0,34.6
estacion-campo-01,2026-09-25T15:10:43.701Z,0,40
estacion-campo-01,2026-09-25T15:05:43.701Z,0,39.2
estacion-campo-01,2026-09-25T15:00:43.654Z,0,39.5
estacion-campo-01,2026-09-25T14:55:43.552Z,0,38.5
estacion-campo-01,2026-09-25T14:50:43.531Z,0,37.3
estacion-campo-01,2026-09-25T14:05:42.868Z,0,30.4
estacion-campo-01,2026-09-25T14:00:42.876Z,0,33.1
estacion-campo-01,2026-09-25T13:55:42.804Z,0,36.9
estacion-campo-01,2026-09-25T13:50:42.799Z,0,29.4
estacion-campo-01,2026-09-25T13:45:42.805Z,0,28.8
estacion-campo-01,2026-09-27T14:11:06.849Z,0,36.2
estacion-campo-01,2026-09-27T15:06:07.288Z,0,38.4
estacion-campo-01,2026-09-27T14:21:06.954Z,0,31.9
estacion-campo-01,2026-09-27T14:31:07.01Z,0,39.2
estacion-campo-01,2026-09-27T13:46:06.672Z,0,36.2
estacion-campo-01,2026-09-27T14:16:06.846Z,0,36.5
estacion-campo-01,2026-09-27T14:51:07.171Z,0,34.3
estacion-campo-01,2026-09-27T14:46:07.111Z,0,38
estacion-campo-01,2026-09-27T14:06:06.816Z,0,38.1
estacion-campo-01,2026-09-27T13:56:06.809Z,0,30.9
estacion-campo-01,2026-09-27T14:36:07.048Z,0,39.4
estacion-campo-01,2026-09-27T15:01:07.251Z,0,41.5
estacion-campo-01,2026-09-25T13:40:42.774Z,0,28.4
estacion-campo-01,2026-09-25T13:35:42.671Z,0,29
estacion-campo-01,2026-09-25T13:30:42.67Z,0,34.5
estacion-campo-01,2026-09-25T13:25:42.617Z,0,34.3
estacion-campo-01,2026-09-25T13:20:42.545Z,0,31.4
estacion-campo-01,2026-09-25T13:15:42.559Z,0.2,91.7
estacion-campo-01,2026-09-25T13:10:42.504Z,0,32.8
estacion-campo-01,2026-09-25T13:05:42.43Z,0,35.2
estacion-campo-01,2026-09-25T13:00:42.427Z,0,32.6
estacion-campo-01,2026-09-25T12:55:42.392Z,0,33.8
estacion-campo-01,2026-09-25T12:50:42.303Z,0,26.2
estacion-campo-01,2026-09-25T12:45:42.303Z,0,27.4
estacion-campo-01,2026-09-25T12:40:42.261Z,0,32.4
estacion-campo-01,2026-09-25T12:35:42.192Z,1.2,91.9
estacion-campo-01,2026-09-25T12:30:42.186Z,0,28.1
estacion-campo-01,2026-09-25T12:25:42.138Z,0,23.8
estacion-campo-01,2026-09-25T12:20:42.061Z,0,27.9
estacion-campo-01,2026-09-25T12:15:42.061Z,0,31.9
estacion-campo-01,2026-09-25T12:10:42.021Z,0,31.2
estacion-campo-01,2026-09-25T12:05:41.943Z,0,28
estacion-campo-01,2026-09-25T12:00:41.927Z,0.6,93.3
estacion-campo-01,2026-09-25T11:55:41.894Z,0,29.5
estacion-campo-01,2026-09-25T11:50:41.882Z,0,21.7
estacion-campo-01,2026-09-25T11:45:41.88Z,0,29.7
estacion-campo-01,2026-09-25T11:40:41.811Z,0,22.1
estacion-campo-01,2026-09-25T11:35:41.724Z,0,20.4
estacion-campo-01,2026-09-25T11:30:41.716Z,0,26.5
estacion-campo-01,2026-09-25T11:25:41.664Z,0,22.4
estacion-campo-01,2026-09-25T11:20:41.657Z,0,25.4
estacion-campo-01,2026-09-25T11:15:41.64Z,0,19
estacion-campo-01,2026-09-25T11:10:41.575Z,0,22.1
estacion-campo-01,2026-09-25T11:05:41.497Z,0,23.3
estacion-campo-01,2026-09-25T11:00:41.396Z,0,27
estacion-campo-01,2026-09-25T10:55:41.345Z,0,19.6
estacion-campo-01,2026-09-25T10:50:41.23Z,0,24.2
estacion-campo-01,2026-09-25T10:45:41.206Z,0,20.2
estacion-campo-01,2026-09-25T10:40:41.179Z,0,20.4
estacion-campo-01,2026-09-25T10:35:41.158Z,0,23.7
estacion-campo-01,2026-09-25T10:30:41.125Z,0,24.3
estacion-campo-01,2026-09-25T10:25:41.123Z,0,21.7
estacion-campo-01,2026-09-25T10:20:41.044Z,0,19.8
estacion-campo-01,2026-09-25T10:15:41.019Z,0,20
estacion-campo-01,2026-09-25T10:10:40.97Z,0,21.4
estacion-campo-01,2026-09-25T10:05:40.942Z,0,17.7
estacion-campo-01,2026-09-25T10:00:40.904Z,0,19.3
estacion-campo-01,2026-09-25T09:55:40.893Z,0,14.3
estacion-campo-01,2026-09-25T09:10:40.533Z,0,14.9
estacion-campo-01,2026-09-25T09:05:40.551Z,0,15.2
estacion-campo-01,2026-09-25T09:00:40.505Z,0,12.1
estacion-campo-01,2026-09-25T08:55:40.439Z,0,13.2
estacion-campo-01,2026-09-25T08:50:40.444Z,0,8.4
estacion-campo-01,2026-09-25T08:45:40.383Z,0,11.3
estacion-campo-01,2026-09-25T08:40:40.382Z,0,10.5
estacion-campo-01,2026-09-25T08:35:40.361Z,0,9.5
estacion-campo-01,2026-09-25T08:30:40.342Z,0,14.7
estacion-campo-01,2026-09-25T08:25:40.311Z,0,15.1
estacion-campo-01,2026-09-25T08:20:40.3Z,0,13.2
estacion-campo-01,2026-09-25T08:15:40.258Z,0,11.2
estacion-campo-01,2026-09-25T08:10:40.17Z,0,15.2
estacion-campo-01,2026-09-25T08:05:40.184Z,0,8.4
estacion-campo-01,2026-09-25T08:00:40.134Z,0,7.2
estacion-campo-01,2026-09-25T07:55:40.047Z,0.4,98.4
estacion-campo-01,2026-09-25T07:50:40.034Z,0,5.4
estacion-campo-01,2026-09-25T07:45:39.992Z,0,11.2
estacion-campo-01,2026-09-25T07:40:39.985Z,0,9.9
estacion-campo-01,2026-09-25T07:35:39.98Z,0,10.8
estacion-campo-01,2026-09-25T07:30:39.957Z,0,10.6
estacion-campo-01,2026-09-25T07:25:39.897Z,0,5
estacion-campo-01,2026-09-25T07:20:39.885Z,0,7.2
estacion-campo-01,2026-09-25T07:15:39.83Z,0,5
estacion-campo-01,2026-09-25T07:10:39.787Z,0,5
estacion-campo-01,2026-09-25T07:05:39.8Z,0.6,86
estacion-campo-01,2026-09-25T07:00:39.771Z,0,5
estacion-campo-01,2026-09-25T06:55:39.727Z,0,8.4
estacion-campo-01,2026-09-25T06:50:39.732Z,0,5
estacion-campo-01,2026-09-25T06:45:39.663Z,0,5.6
estacion-campo-01,2026-09-25T06:40:39.619Z,0,7.4
estacion-campo-01,2026-09-25T06:35:39.633Z,0,8.5
estacion-campo-01,2026-09-25T06:30:39.572Z,0,5
estacion-campo-01,2026-09-25T06:25:39.507Z,0,5
estacion-campo-01,2026-09-25T06:20:39.512Z,0,5
estacion-campo-01,2026-09-25T06:15:39.461Z,0,5
estacion-campo-01,2026-09-25T06:10:39.425Z,0,5
estacion-campo-01,2026-09-25T06:05:39.392Z,0,5
estacion-campo-01,2026-09-25T06:00:39.324Z,0,5
estacion-campo-01,2026-09-25T05:55:39.229Z,0,5
estacion-campo-01,2026-09-25T05:50:39.165Z,0,5
estacion-campo-01,2026-09-25T05:45:39.109Z,0,5
estacion-campo-01,2026-09-25T05:40:39.015Z,0,5
estacion-campo-01,2026-09-25T05:35:39Z,0,5
estacion-campo-01,2026-09-25T05:30:38.951Z,0,5
estacion-campo-01,2026-09-25T05:25:38.932Z,0,5
estacion-campo-01,2026-09-25T05:20:38.834Z,0,98.9
estacion-campo-01,2026-09-25T05:15:38.76Z,0,5
estacion-campo-01,2026-09-27T14:56:07.251Z,0,41
estacion-campo-01,2026-09-27T14:01:06.818Z,0,36.6
estacion-campo-01,2026-09-27T15:11:07.358Z,0,36.2
estacion-campo-01,2026-09-27T15:16:07.369Z,0,42.9
estacion-campo-01,2026-09-25T05:10:38.77Z,0,5
estacion-campo-01,2026-09-25T05:05:38.736Z,0,5
estacion-campo-01,2026-09-25T05:00:38.687Z,0,5
estacion-campo-01,2026-09-25T04:15:38.019Z,0.6,86.8
estacion-campo-01,2026-09-25T04:10:38.042Z,0.6,90.6
estacion-campo-01,2026-09-25T04:05:38.001Z,0,6.4
estacion-campo-01,2026-09-25T04:00:37.932Z,0,9.2
estacion-campo-01,2026-09-25T03:55:37.931Z,0,11.1
estacion-campo-01,2026-09-25T03:50:37.868Z,0,5.7
estacion-campo-01,2026-09-25T03:45:37.806Z,0,15.7
estacion-campo-01,2026-09-25T03:40:37.796Z,0,14.2
estacion-campo-01,2026-09-25T03:35:37.763Z,0,12.5
estacion-campo-01,2026-09-25T03:30:37.698Z,0,11
estacion-campo-01,2026-09-25T03:25:37.685Z,0,9
estacion-campo-01,2026-09-25T03:20:37.654Z,0,16
estacion-campo-01,2026-09-25T03:15:37.595Z,0,8.1
estacion-campo-01,2026-09-25T03:10:37.586Z,0,9.4
estacion-campo-01,2026-09-25T03:05:37.554Z,0,13.7
estacion-campo-01,2026-09-25T03:00:37.47Z,0,14.5
estacion-campo-01,2026-09-25T02:55:37.471Z,0,15.7
estacion-campo-01,2026-09-25T02:50:37.402Z,0,15.4
estacion-campo-01,2026-09-25T02:45:37.329Z,0,11.6
estacion-campo-01,2026-09-25T02:40:37.324Z,0,13.8
estacion-campo-01,2026-09-25T02:35:37.281Z,0,16.7
estacion-campo-01,2026-09-25T02:30:37.209Z,0,14.7
estacion-campo-01,2026-09-25T02:25:37.211Z,0,12.5
estacion-campo-01,2026-09-25T02:20:37.173Z,0,14.2
estacion-campo-01,2026-09-25T02:15:37.12Z,0,20.2
estacion-campo-01,2026-09-25T02:10:37.121Z,0,22
estacion-campo-01,2026-09-25T02:05:37.108Z,0,17.6
estacion-campo-01,2026-09-25T02:00:37.05Z,0,17.9
estacion-campo-01,2026-09-25T01:55:37.034Z,0,16.4
estacion-campo-01,2026-09-25T01:50:37.025Z,0,14.1
estacion-campo-01,2026-09-25T01:45:36.955Z,0,21.1
estacion-campo-01,2026-09-25T01:40:36.938Z,0,17.5
estacion-campo-01,2026-09-25T01:35:36.942Z,0,19.3
estacion-campo-01,2026-09-25T01:30:36.847Z,0.8,96.8
estacion-campo-01,2026-09-25T01:25:36.848Z,0,16.4
estacion-campo-01,2026-09-25T01:20:36.784Z,0,16.3
estacion-campo-01,2026-09-25T01:15:36.729Z,0,20.1
estacion-campo-01,2026-09-25T01:10:36.704Z,0,17.4
estacion-campo-01,2026-09-25T01:05:36.694Z,0,25.8
estacion-campo-01,2026-09-25T01:00:36.661Z,0,24.7
estacion-campo-01,2026-09-25T00:55:36.538Z,0,24.7
estacion-campo-01,2026-09-25T00:50:36.492Z,0,27.6
estacion-campo-01,2026-09-25T00:45:36.401Z,0,25
estacion-campo-01,2026-09-25T00:40:36.394Z,0,24.6
estacion-campo-01,2026-09-25T00:35:36.353Z,0,22.8
estacion-campo-01,2026-09-25T00:30:36.25Z,0,23.5
estacion-campo-01,2026-09-25T00:25:36.213Z,0,26.6
estacion-campo-01,2026-09-25T00:20:36.192Z,0.2,92.2
estacion-campo-01,2026-09-25T00:15:36.147Z,0,26.6
estacion-campo-01,2026-09-25T00:10:36.109Z,0,27.8
estacion-campo-01,2026-09-25T00:05:36.081Z,0,25.7
estacion-campo-01,2026-09-24T23:20:35.761Z,0,28.8
estacion-campo-01,2026-09-24T23:15:35.769Z,0,30.9
estacion-campo-01,2026-09-24T23:10:35.735Z,0,29.7
estacion-campo-01,2026-09-24T23:05:35.679Z,0,27.2
estacion-campo-01,2026-09-24T23:00:35.667Z,0,25.8
estacion-campo-01,2026-09-24T22:55:35.656Z,0,26.7
estacion-campo-01,2026-09-24T22:50:35.576Z,0,34.8
estacion-campo-01,2026-09-24T22:45:35.57Z,0,34.5
estacion-campo-01,2026-09-24T22:40:35.537Z,0,31.1
estacion-campo-01,2026-09-24T22:35:35.482Z,0,33.8
estacion-campo-01,2026-09-24T22:30:35.476Z,0,30
estacion-campo-01,2026-09-24T22:25:35.452Z,0,34.6
estacion-campo-01,2026-09-24T22:20:35.362Z,0,31.9
estacion-campo-01,2026-09-24T22:15:35.352Z,0,29.6
estacion-campo-01,2026-09-24T22:10:35.304Z,0,29.3
estacion-campo-01,2026-09-24T22:05:35.207Z,0,37.6
estacion-campo-01,2026-09-24T22:00:35.204Z,0,29.1
estacion-campo-01,2026-09-24T21:55:35.174Z,0,30.5
estacion-campo-01,2026-09-24T21:50:35.142Z,0,33.3
estacion-campo-01,2026-09-24T21:45:35.14Z,0,34.1
estacion-campo-01,2026-09-24T21:40:35.088Z,0,32.2
estacion-campo-01,2026-09-24T21:35:35.014Z,0,40.6
estacion-campo-01,2026-09-24T21:30:34.997Z,0,40.7
estacion-campo-01,2026-09-24T21:25:34.998Z,0,40.5
estacion-campo-01,2026-09-24T21:20:34.948Z,0,35.3
estacion-campo-01,2026-09-24T21:15:34.961Z,0,38.9
estacion-campo-01,2026-09-24T21:10:34.917Z,1.2,93.3
estacion-campo-01,2026-09-24T21:05:34.894Z,0,42.1
estacion-campo-01,2026-09-24T21:00:34.886Z,0,35.8
estacion-campo-01,2026-09-24T20:55:34.861Z,0,36.9
estacion-campo-01,2026-09-24T20:50:34.805Z,0,43.5
estacion-campo-01,2026-09-24T20:45:34.799Z,0,34.7
estacion-campo-01,2026-09-24T20:40:34.78Z,0.2,87.9
estacion-campo-01,2026-09-24T20:35:34.673Z,0,34.8
estacion-campo-01,2026-09-24T20:30:34.658Z,0.4,86.9
estacion-campo-01,2026-09-24T20:25:34.614Z,0,38.6
estacion-campo-01,2026-09-24T20:20:34.514Z,0,40
estacion-campo-01,2026-09-24T20:15:34.412Z,0,40.8
estacion-campo-01,2026-09-24T20:10:34.356Z,0,43.8
estacion-campo-01,2026-09-24T20:05:34.264Z,0,39.9
estacion-campo-01,2026-09-24T20:00:34.266Z,0,45.8
estacion-campo-01,2026-09-24T19:55:34.233Z,0,41.5
estacion-campo-01,2026-09-24T19:50:34.132Z,0,45.9
estacion-campo-01,2026-09-24T19:45:34.137Z,0,42.9
estacion-campo-01,2026-09-24T19:40:34.145Z,0,41.7
estacion-campo-01,2026-09-24T19:35:34.054Z,1,90.6
estacion-campo-01,2026-09-24T19:30:34.042Z,0.4,97.2
estacion-campo-01,2026-09-24T19:25:33.982Z,1.2,90.5
estacion-campo-01,2026-09-24T19:20:33.926Z,0,41.3
estacion-campo-01,2026-09-24T19:15:33.822Z,0,41
estacion-campo-01,2026-09-24T19:10:33.75Z,0,46.3
estacion-campo-01,2026-09-24T18:25:33.242Z,0,44.8
estacion-campo-01,2026-09-24T18:20:33.232Z,0,46.7
estacion-campo-01,2026-09-24T18:15:33.193Z,0,50.8
estacion-campo-01,2026-09-24T18:10:33.134Z,0,52.1
estacion-campo-01,2026-09-24T18:05:33.13Z,1,95
estacion-campo-01,2026-09-24T18:00:33.115Z,0,47.9
estacion-campo-01,2026-09-24T17:55:33.032Z,0,47.1
estacion-campo-01,2026-09-24T17:50:33.019Z,0,51
estacion-campo-01,2026-09-24T17:45:32.961Z,0,53.4
estacion-campo-01,2026-09-24T17:40:32.922Z,0,44.3
estacion-campo-01,2026-09-24T17:35:32.917Z,0,48.2
estacion-campo-01,2026-09-24T17:30:32.856Z,0,45.6
estacion-campo-01,2026-09-24T17:25:32.84Z,0,50
estacion-campo-01,2026-09-24T17:20:32.857Z,0,44.2
estacion-campo-01,2026-09-24T17:15:32.812Z,0,50.2
estacion-campo-01,2026-09-24T17:10:32.733Z,0,50.1
estacion-campo-01,2026-09-24T17:05:32.734Z,0,50.6
estacion-campo-01,2026-09-24T17:00:32.661Z,0,44.1
estacion-campo-01,2026-09-24T16:55:32.562Z,0,42.3
estacion-campo-01,2026-09-24T16:50:32.579Z,0,44.7
estacion-campo-01,2026-09-24T16:45:32.506Z,0,49.1
estacion-campo-01,2026-09-24T16:40:32.441Z,0,41.5
estacion-campo-01,2026-09-24T16:35:32.438Z,0,44.9
estacion-campo-01,2026-09-24T16:30:32.382Z,0,45.7
estacion-campo-01,2026-09-24T16:25:32.271Z,0,45.5
estacion-campo-01,2026-09-24T16:20:32.271Z,0,44.8
estacion-campo-01,2026-09-24T16:15:32.219Z,0,41.4
estacion-campo-01,2026-09-24T16:10:32.112Z,0.6,87
estacion-campo-01,2026-09-24T16:05:32.117Z,0,42.7
estacion-campo-01,2026-09-24T16:00:32.084Z,0,40.9
estacion-campo-01,2026-09-24T15:55:32.05Z,0,42
estacion-campo-01,2026-09-24T15:50:32.043Z,0,36.7
estacion-campo-01,2026-09-24T15:45:31.982Z,0,43.9
estacion-campo-01,2026-09-24T15:40:31.92Z,0,44.6
estacion-campo-01,2026-09-24T15:35:31.933Z,0,35.4
estacion-campo-01,2026-09-24T15:30:31.882Z,0,44.6
estacion-campo-01,2026-09-24T15:25:31.862Z,0,35.9
estacion-campo-01,2026-09-24T15:20:31.778Z,0,40.4
estacion-campo-01,2026-09-24T15:15:31.724Z,0,34.7
estacion-campo-01,2026-09-24T15:10:31.64Z,0,40.2
estacion-campo-01,2026-09-24T15:05:31.601Z,0,39.1
estacion-campo-01,2026-09-24T15:00:31.545Z,0,33.6
estacion-campo-01,2026-09-24T14:55:32.456Z,0,34.9
estacion-campo-01,2026-09-24T14:50:31.515Z,0,38.9
estacion-campo-01,2026-09-24T14:45:31.482Z,0,32.2
estacion-campo-01,2026-09-24T14:40:31.382Z,0,34.6
estacion-campo-01,2026-09-24T14:35:31.35Z,0,34.2
estacion-campo-01,2026-09-24T14:30:31.287Z,0,38.6
estacion-campo-01,2026-09-24T14:25:31.22Z,0,40.5
estacion-campo-01,2026-09-24T14:20:31.128Z,0,87.4
estacion-campo-01,2026-09-24T14:15:31.115Z,0,35.4
estacion-campo-01,2026-09-24T13:30:30.456Z,0,33.3
estacion-campo-01,2026-09-24T13:25:30.459Z,0,31.1
estacion-campo-01,2026-09-24T13:20:30.406Z,0,35.8
estacion-campo-01,2026-09-24T13:15:30.319Z,0,26.5
estacion-campo-01,2026-09-24T13:10:30.323Z,0,29.2
estacion-campo-01,2026-09-24T13:05:30.316Z,0,32.3
estacion-campo-01,2026-09-24T13:00:30.304Z,0,30.8
estacion-campo-01,2026-09-24T12:55:30.301Z,0.4,85.9
estacion-campo-01,2026-09-24T12:50:30.226Z,0,32.4
estacion-campo-01,2026-09-24T12:45:30.146Z,0,32.3
estacion-campo-01,2026-09-24T12:40:30.178Z,0,30.2
estacion-campo-01,2026-09-24T12:35:30.083Z,0,31.5
estacion-campo-01,2026-09-24T12:30:29.984Z,0,23.1
estacion-campo-01,2026-09-24T12:25:29.982Z,0,27.4
estacion-campo-01,2026-09-24T12:20:29.931Z,0,24.5
estacion-campo-01,2026-09-24T12:15:29.853Z,0,30.5
estacion-campo-01,2026-09-24T12:10:29.846Z,0,29.3
estacion-campo-01,2026-09-24T12:05:29.786Z,0,25.7
estacion-campo-01,2026-09-24T12:00:29.755Z,0,23.4
estacion-campo-01,2026-09-24T11:55:29.754Z,0,22.3
estacion-campo-01,2026-09-24T11:50:29.724Z,0,23.8
estacion-campo-01,2026-09-24T11:45:29.651Z,0,21.8
estacion-campo-01,2026-09-24T11:40:29.662Z,0,27.4
estacion-campo-01,2026-09-24T11:35:29.604Z,0,23.9
estacion-campo-01,2026-09-24T11:30:29.541Z,0,20.5
estacion-campo-01,2026-09-24T11:25:29.544Z,0,22.9
estacion-campo-01,2026-09-24T11:20:29.53Z,0,22.7
estacion-campo-01,2026-09-24T11:15:29.53Z,0,24
estacion-campo-01,2026-09-24T11:10:29.416Z,0,20.4
estacion-campo-01,2026-09-24T11:05:29.36Z,0,24.6
estacion-campo-01,2026-09-24T11:00:29.267Z,0,18.3
estacion-campo-01,2026-09-24T10:55:29.271Z,0,19
estacion-campo-01,2026-09-24T10:50:29.261Z,0,17.2
estacion-campo-01,2026-09-24T10:45:29.24Z,0,20.6
estacion-campo-01,2026-09-24T10:40:29.236Z,0,23.1
estacion-campo-01,2026-09-24T10:35:29.181Z,0,22.8
estacion-campo-01,2026-09-24T10:30:29.187Z,0,16.6
estacion-campo-01,2026-09-24T10:25:29.09Z,0,23.4
estacion-campo-01,2026-09-24T10:20:29.027Z,0,23.6
estacion-campo-01,2026-09-24T10:15:28.958Z,0,21.4
estacion-campo-01,2026-09-24T10:10:28.936Z,0,23.2
estacion-campo-01,2026-09-24T10:05:28.934Z,0,16.5
estacion-campo-01,2026-09-24T10:00:28.862Z,0,13.9
estacion-campo-01,2026-09-24T09:55:28.852Z,0,14.9
estacion-campo-01,2026-09-24T09:50:28.82Z,0,19.2
estacion-campo-01,2026-09-24T09:45:28.8Z,0,20.5
estacion-campo-01,2026-09-24T09:40:28.778Z,0,18.5
estacion-campo-01,2026-09-24T09:35:28.738Z,0,17.5
estacion-campo-01,2026-09-24T09:30:28.671Z,0,16.5
estacion-campo-01,2026-09-24T09:25:28.581Z,0,14
estacion-campo-01,2026-09-24T09:20:28.539Z,0,13.3
estacion-campo-01,2026-09-24T08:35:28.078Z,0,9.5
estacion-campo-01,2026-09-24T08:30:28.096Z,0,10.1
estacion-campo-01,2026-09-24T08:25:28.087Z,0,9
estacion-campo-01,2026-09-24T08:20:28.001Z,0,14.2
estacion-campo-01,2026-09-24T08:15:27.997Z,0,12.8
estacion-campo-01,2026-09-24T08:10:27.992Z,0,12.7
estacion-campo-01,2026-09-24T08:05:27.928Z,0,8.1
estacion-campo-01,2026-09-24T08:00:27.913Z,0,14.4
estacion-campo-01,2026-09-24T07:55:27.879Z,0,9.8
estacion-campo-01,2026-09-24T07:50:27.774Z,0,10
estacion-campo-01,2026-09-24T07:45:27.762Z,0,12.1
estacion-campo-01,2026-09-24T07:40:27.748Z,0,5
estacion-campo-01,2026-09-24T07:35:27.658Z,0,10.1
estacion-campo-01,2026-09-24T07:30:27.671Z,0,10.5
estacion-campo-01,2026-09-24T07:25:27.664Z,0,5
estacion-campo-01,2026-09-24T07:20:27.628Z,0,5.5
estacion-campo-01,2026-09-24T07:15:27.618Z,0,5
estacion-campo-01,2026-09-24T07:10:27.588Z,0,5.5
estacion-campo-01,2026-09-24T07:05:27.498Z,0,7
estacion-campo-01,2026-09-24T07:00:27.501Z,0,5.9
estacion-campo-01,2026-09-24T06:55:27.447Z,0,5
estacion-campo-01,2026-09-24T06:50:27.387Z,0,5.2
estacion-campo-01,2026-09-24T06:45:27.372Z,0,8.6
estacion-campo-01,2026-09-24T06:40:27.346Z,0,5
estacion-campo-01,2026-09-24T06:35:27.267Z,0,5
estacion-campo-01,2026-09-24T06:30:27.262Z,0,5
estacion-campo-01,2026-09-24T06:25:27.241Z,0,5
estacion-campo-01,2026-09-24T06:20:27.19Z,0,5.2
estacion-campo-01,2026-09-24T06:15:27.175Z,0,88.8
estacion-campo-01,2026-09-24T06:10:27.134Z,0,5
estacion-campo-01,2026-09-24T06:05:27.097Z,0,5
estacion-campo-01,2026-09-24T06:00:27.098Z,0,5
estacion-campo-01,2026-09-24T05:55:27.059Z,0,5.8
estacion-campo-01,2026-09-24T05:50:26.972Z,0,5.8
estacion-campo-01,2026-09-24T05:45:26.961Z,0,5
estacion-campo-01,2026-09-24T05:40:26.899Z,0,5
estacion-campo-01,2026-09-24T05:35:26.883Z,0,5
estacion-campo-01,2026-09-24T05:30:26.78Z,0,5
estacion-campo-01,2026-09-24T05:25:26.75Z,0,5
estacion-campo-01,2026-09-24T05:20:26.743Z,0,5
estacion-campo-01,2026-09-24T05:15:26.7Z,0,5
estacion-campo-01,2026-09-24T05:10:26.66Z,0,5
estacion-campo-01,2026-09-24T05:05:26.592Z,0,5
estacion-campo-01,2026-09-24T05:00:26.609Z,0,5
estacion-campo-01,2026-09-24T04:55:26.554Z,0,5
estacion-campo-01,2026-09-24T04:50:26.454Z,0,5
estacion-campo-01,2026-09-24T04:45:26.366Z,0.6,99.7
estacion-campo-01,2026-09-24T04:40:26.316Z,0,7.1
estacion-campo-01,2026-09-24T04:35:26.277Z,0,8.8
estacion-campo-01,2026-09-24T04:30:26.196Z,0,5
estacion-campo-01,2026-09-27T13:41:06.676Z,0,36.2
estacion-campo-01,2026-09-27T13:36:06.608Z,0,32.3
estacion-campo-01,2026-09-27T13:31:06.604Z,0,31.2
estacion-campo-01,2026-09-27T13:26:06.601Z,0,29.3
estacion-campo-01,2026-09-27T13:21:06.544Z,0,31.7
estacion-campo-01,2026-09-27T13:16:06.481Z,0,28.1
estacion-campo-01,2026-09-27T13:11:06.479Z,0,34.7
estacion-campo-01,2026-09-27T13:06:06.43Z,0,27.6
estacion-campo-01,2026-09-27T13:01:06.415Z,0,30.8
estacion-campo-01,2026-09-27T12:56:06.281Z,0,30.6
estacion-campo-01,2026-09-27T12:51:06.252Z,0,25.1
estacion-campo-01,2026-09-27T12:46:06.15Z,0,24.6
estacion-campo-01,2026-09-27T12:41:06.153Z,0,31.3
estacion-campo-01,2026-09-27T12:36:06.083Z,0,30.7
estacion-campo-01,2026-09-27T12:31:06.081Z,0,31.1
estacion-campo-01,2026-09-27T12:26:06.092Z,0,31.2
estacion-campo-01,2026-09-27T12:21:06.065Z,0,28.3
estacion-campo-01,2026-09-27T12:16:06.075Z,0,24.9
estacion-campo-01,2026-09-27T12:11:05.991Z,0,27.6
estacion-campo-01,2026-09-27T12:06:05.95Z,0.2,98.1
estacion-campo-01,2026-09-27T12:01:05.887Z,0,27
estacion-campo-01,2026-09-27T11:56:05.881Z,0,30.7
estacion-campo-01,2026-09-27T11:51:05.841Z,0,29.9
estacion-campo-01,2026-09-27T11:46:05.798Z,0,29.7
estacion-campo-01,2026-09-27T11:41:05.794Z,0,23.7
estacion-campo-01,2026-09-27T11:36:05.738Z,0,23.3
estacion-campo-01,2026-09-27T11:31:05.642Z,0,27
estacion-campo-01,2026-09-27T11:26:05.621Z,0,24.5
estacion-campo-01,2026-09-27T11:21:05.605Z,0,25.2
estacion-campo-01,2026-09-27T11:16:05.518Z,0,24.9
estacion-campo-01,2026-09-27T11:11:05.428Z,0,21
estacion-campo-01,2026-09-27T11:06:05.383Z,0,17.5
estacion-campo-01,2026-09-27T10:21:04.793Z,0,22.3
estacion-campo-01,2026-09-27T10:16:04.793Z,0,15.8
estacion-campo-01,2026-09-27T10:11:04.729Z,0,20.7
estacion-campo-01,2026-09-27T10:06:04.632Z,0,17.1
estacion-campo-01,2026-09-27T10:01:04.62Z,0,20.2
estacion-campo-01,2026-09-27T09:56:04.577Z,0,18
estacion-campo-01,2026-09-27T09:51:04.505Z,0,18.8
estacion-campo-01,2026-09-27T09:46:04.503Z,0,15.7
estacion-campo-01,2026-09-27T09:41:04.453Z,0,19.3
estacion-campo-01,2026-09-27T09:36:04.367Z,0,15.5
estacion-campo-01,2026-09-27T09:31:04.359Z,0,18.8
estacion-campo-01,2026-09-27T09:26:04.314Z,0,15
estacion-campo-01,2026-09-27T09:21:04.259Z,0,11.7
estacion-campo-01,2026-09-27T09:16:04.237Z,0,11.6
estacion-campo-01,2026-09-27T09:11:04.19Z,0,10.7
estacion-campo-01,2026-09-27T09:06:04.1Z,0,11.6
estacion-campo-01,2026-09-27T09:01:04.094Z,0,14.5
estacion-campo-01,2026-09-27T08:56:04.064Z,0,17.6
estacion-campo-01,2026-09-27T08:51:03.963Z,0,10.1
estacion-campo-01,2026-09-27T08:46:03.962Z,0,15.6
estacion-campo-01,2026-09-27T08:41:03.962Z,0,13.4
estacion-campo-01,2026-09-27T08:36:03.896Z,0,16.8
estacion-campo-01,2026-09-27T08:31:03.891Z,0,14.7
estacion-campo-01,2026-09-27T08:26:03.867Z,0,14.6
estacion-campo-01,2026-09-27T08:21:03.836Z,0,12.3
estacion-campo-01,2026-09-27T08:16:03.841Z,0,7.5
estacion-campo-01,2026-09-27T08:11:03.785Z,0.2,93.9
estacion-campo-01,2026-09-27T08:06:03.767Z,0,7.8
estacion-campo-01,2026-09-27T08:01:03.776Z,0,12.3
estacion-campo-01,2026-09-27T07:56:03.742Z,0,13.2
estacion-campo-01,2026-09-27T07:51:03.666Z,0,10.2
estacion-campo-01,2026-09-27T07:46:03.666Z,0,9.6
estacion-campo-01,2026-09-27T07:41:03.644Z,0,6
estacion-campo-01,2026-09-27T07:36:03.605Z,0,7.3
estacion-campo-01,2026-09-27T07:31:03.608Z,0,12.3
estacion-campo-01,2026-09-27T07:26:03.555Z,0,8
estacion-campo-01,2026-09-27T07:21:03.44Z,0,10.5
estacion-campo-01,2026-09-27T07:16:03.413Z,0,5
estacion-campo-01,2026-09-27T07:11:03.379Z,0,5
estacion-campo-01,2026-09-27T07:06:03.329Z,0,9.9
estacion-campo-01,2026-09-27T07:01:03.271Z,0,7.6
estacion-campo-01,2026-09-27T06:56:03.216Z,0,9.6
estacion-campo-01,2026-09-27T06:51:03.209Z,0,10
estacion-campo-01,2026-09-27T06:46:03.219Z,0,7.8
estacion-campo-01,2026-09-27T06:41:03.151Z,0.6,90.1
estacion-campo-01,2026-09-27T06:36:03.054Z,0,5.1
estacion-campo-01,2026-09-27T06:31:03.033Z,0,7.2
estacion-campo-01,2026-09-27T06:26:03.038Z,0,5.6
estacion-campo-01,2026-09-27T06:21:02.928Z,0,7.1
estacion-campo-01,2026-09-27T06:16:02.852Z,0,5
estacion-campo-01,2026-09-27T06:11:02.806Z,0,5
estacion-campo-01,2026-09-27T05:26:02.193Z,1,91
estacion-campo-01,2026-09-27T05:21:02.187Z,0,5
estacion-campo-01,2026-09-27T05:16:02.159Z,0,5
estacion-campo-01,2026-09-27T05:11:02.075Z,0,5
estacion-campo-01,2026-09-27T05:06:02.076Z,0,5
estacion-campo-01,2026-09-27T05:01:02.048Z,0,5
estacion-campo-01,2026-09-27T04:56:01.999Z,0,6.7
estacion-campo-01,2026-09-27T04:51:01.998Z,0,9.2
estacion-campo-01,2026-09-27T04:46:01.929Z,0,5.8
estacion-campo-01,2026-09-27T04:41:01.851Z,0,5
estacion-campo-01,2026-09-27T04:36:01.835Z,0,6.8
estacion-campo-01,2026-09-27T04:31:01.775Z,0,5.1
estacion-campo-01,2026-09-27T04:26:01.759Z,0,5
estacion-campo-01,2026-09-27T04:21:01.754Z,0,5
estacion-campo-01,2026-09-27T04:16:01.748Z,0,5
estacion-campo-01,2026-09-27T04:11:01.74Z,0,10.4
estacion-campo-01,2026-09-27T04:06:01.742Z,0,11.2
estacion-campo-01,2026-09-27T04:01:01.739Z,0,9.5
estacion-campo-01,2026-09-27T03:56:01.661Z,0,12.9
estacion-campo-01,2026-09-27T03:51:01.653Z,0,13.4
estacion-campo-01,2026-09-27T03:46:01.611Z,0,9.4
estacion-campo-01,2026-09-27T03:41:01.548Z,0,8.9
estacion-campo-01,2026-09-27T03:36:01.563Z,0,12.4
estacion-campo-01,2026-09-27T03:31:01.536Z,0,10
estacion-campo-01,2026-09-27T03:26:01.46Z,0,9.9
estacion-campo-01,2026-09-27T03:21:01.463Z,0.6,87.4
estacion-campo-01,2026-09-27T03:16:01.392Z,0,8.3
estacion-campo-01,2026-09-27T03:11:01.337Z,0,16.2
estacion-campo-01,2026-09-27T03:06:01.33Z,0,9
estacion-campo-01,2026-09-27T03:01:01.272Z,0,18.7
estacion-campo-01,2026-09-27T02:56:01.219Z,0,19
estacion-campo-01,2026-09-27T02:51:01.224Z,0,14.1
estacion-campo-01,2026-09-27T02:46:01.16Z,0,18.9
estacion-campo-01,2026-09-27T02:41:01.104Z,0,12.2
estacion-campo-01,2026-09-27T02:36:01.108Z,0,13
estacion-campo-01,2026-09-27T02:31:01.067Z,0,18.7
estacion-campo-01,2026-09-27T02:26:00.953Z,0,15.7
estacion-campo-01,2026-09-27T02:21:00.853Z,0,14
estacion-campo-01,2026-09-27T02:16:00.855Z,0,19.6
estacion-campo-01,2026-09-27T02:11:00.755Z,0,14.3
estacion-campo-01,2026-09-27T02:06:00.758Z,0,16.1
estacion-campo-01,2026-09-27T02:01:00.697Z,0,21.4
estacion-campo-01,2026-09-27T01:56:00.619Z,0,14.8
estacion-campo-01,2026-09-27T01:51:00.63Z,0,23.5
estacion-campo-01,2026-09-27T01:46:00.593Z,0,17.5
estacion-campo-01,2026-09-27T01:41:00.544Z,0,14.7
estacion-campo-01,2026-09-27T01:36:00.457Z,0,24
estacion-campo-01,2026-09-27T01:31:00.389Z,0,23.8
estacion-campo-01,2026-09-27T01:26:00.341Z,0,18.2
estacion-campo-01,2026-09-24T04:25:26.156Z,0,12.9
estacion-campo-01,2026-09-24T03:40:25.601Z,0.8,91.2
estacion-campo-01,2026-09-24T03:35:25.603Z,0,8
estacion-campo-01,2026-09-24T03:30:25.596Z,0,10.7
estacion-campo-01,2026-09-24T03:25:25.552Z,0,8.9
estacion-campo-01,2026-09-24T03:20:25.539Z,0,15.9
estacion-campo-01,2026-09-24T03:15:25.55Z,0,13.9
estacion-campo-01,2026-09-24T03:10:25.513Z,0,15.2
estacion-campo-01,2026-09-24T03:05:25.52Z,0,13
estacion-campo-01,2026-09-24T03:00:25.497Z,0,15.6
estacion-campo-01,2026-09-24T02:55:25.424Z,0,17.9
estacion-campo-01,2026-09-24T02:50:25.424Z,0,10.4
estacion-campo-01,2026-09-24T02:45:25.347Z,0,14.6
estacion-campo-01,2026-09-24T02:40:25.348Z,0,14.1
estacion-campo-01,2026-09-24T02:35:25.339Z,0,13.8
estacion-campo-01,2026-09-24T02:30:25.283Z,0,18.1
estacion-campo-01,2026-09-24T02:25:25.265Z,0,17.8
estacion-campo-01,2026-09-24T02:20:25.259Z,0,21.3
estacion-campo-01,2026-09-24T02:15:25.254Z,0,20.2
estacion-campo-01,2026-09-24T02:10:25.153Z,0,20.7
estacion-campo-01,2026-09-24T02:05:25.149Z,0,17.2
estacion-campo-01,2026-09-24T02:00:25.11Z,0,16.8
estacion-campo-01,2026-09-24T01:55:25.067Z,0,18
estacion-campo-01,2026-09-24T01:50:25.058Z,0,20.1
estacion-campo-01,2026-09-24T01:45:25.055Z,0,18.1
estacion-campo-01,2026-09-24T01:40:24.946Z,0,20.3
estacion-campo-01,2026-09-24T01:35:24.944Z,0,20.2
estacion-campo-01,2026-09-24T01:30:24.921Z,0,18.1
estacion-campo-01,2026-09-24T01:25:24.911Z,0,18.3
estacion-campo-01,2026-09-24T01:20:24.896Z,0,24.8
estacion-campo-01,2026-09-24T01:15:24.851Z,0,20.1
estacion-campo-01,2026-09-24T01:10:24.731Z,0,19.9
estacion-campo-01,2026-09-24T01:05:24.753Z,0.4,92.8
estacion-campo-01,2026-09-24T01:00:24.688Z,0,17.1
estacion-campo-01,2026-09-24T00:55:24.669Z,0,18.9
estacion-campo-01,2026-09-24T00:50:24.662Z,0,25.2
estacion-campo-01,2026-09-24T00:45:24.614Z,0,25.7
estacion-campo-01,2026-09-24T00:40:24.604Z,0,24.6
estacion-campo-01,2026-09-24T00:35:24.59Z,0,21.2
estacion-campo-01,2026-09-24T00:30:24.527Z,0,23.8
estacion-campo-01,2026-09-24T00:25:24.481Z,0,20.1
estacion-campo-01,2026-09-24T00:20:24.464Z,0,29.4
estacion-campo-01,2026-09-24T00:15:24.431Z,0.8,88.5
estacion-campo-01,2026-09-24T00:10:24.39Z,0,21.5
estacion-campo-01,2026-09-24T00:05:24.382Z,0,23.2
estacion-campo-01,2026-09-24T00:00:24.346Z,0,30.8
estacion-campo-01,2026-09-23T23:55:24.314Z,0,30.4
estacion-campo-01,2026-09-23T23:50:24.266Z,0,23.6
estacion-campo-01,2026-09-23T23:45:24.191Z,0,28.8
estacion-campo-01,2026-09-23T23:40:24.152Z,0,29.9
estacion-campo-01,2026-09-23T23:35:24.064Z,0,31.7
estacion-campo-01,2026-09-23T23:30:24.002Z,0,95.8
estacion-campo-01,2026-09-23T22:45:23.418Z,0,33.9
estacion-campo-01,2026-09-23T22:40:23.412Z,0,28.1
estacion-campo-01,2026-09-23T22:35:23.35Z,0,34.1
estacion-campo-01,2026-09-23T22:30:23.269Z,0,30.4
estacion-campo-01,2026-09-23T22:25:23.262Z,0,35.1
estacion-campo-01,2026-09-23T22:20:23.241Z,0,28.4
estacion-campo-01,2026-09-23T22:15:23.159Z,1,90.2
estacion-campo-01,2026-09-23T22:10:23.149Z,0.6,90.3
estacion-campo-01,2026-09-23T22:05:23.083Z,0,29.5
estacion-campo-01,2026-09-23T22:00:22.99Z,0,34.9
estacion-campo-01,2026-09-23T21:55:23.004Z,0.6,88.2
estacion-campo-01,2026-09-23T21:50:22.927Z,0,30.2
estacion-campo-01,2026-09-23T21:45:22.86Z,0.4,93.1
estacion-campo-01,2026-09-23T21:40:22.872Z,0,36.9
estacion-campo-01,2026-09-23T21:35:22.847Z,0,36.9
estacion-campo-01,2026-09-23T21:30:22.776Z,0,35.8
estacion-campo-01,2026-09-23T21:25:22.768Z,0,36.3
estacion-campo-01,2026-09-23T21:20:22.735Z,0,35.2
estacion-campo-01,2026-09-23T21:15:22.709Z,0,40.7
estacion-campo-01,2026-09-23T21:10:22.708Z,0.6,99.5
estacion-campo-01,2026-09-23T21:05:22.659Z,0,33.8
estacion-campo-01,2026-09-23T21:00:22.604Z,0,42
estacion-campo-01,2026-09-23T20:55:22.596Z,0.8,97.6
estacion-campo-01,2026-09-23T20:50:22.551Z,0,39.9
estacion-campo-01,2026-09-23T20:45:22.485Z,0,39
estacion-campo-01,2026-09-23T20:40:22.489Z,0,43.7
estacion-campo-01,2026-09-23T20:35:22.459Z,1.2,89.2
estacion-campo-01,2026-09-23T20:30:22.428Z,0,40.5
estacion-campo-01,2026-09-23T20:25:22.415Z,0,42.5
estacion-campo-01,2026-09-23T20:20:22.352Z,0,44.3
estacion-campo-01,2026-09-23T20:15:22.299Z,0.4,94.9
estacion-campo-01,2026-09-23T20:10:22.287Z,0,42.4
estacion-campo-01,2026-09-23T20:05:22.259Z,0,41.7
estacion-campo-01,2026-09-23T20:00:22.22Z,0,43.3
estacion-campo-01,2026-09-23T19:55:22.209Z,0,40
estacion-campo-01,2026-09-23T19:50:22.167Z,0.6,85.2
estacion-campo-01,2026-09-23T19:45:22.14Z,0,44.2
estacion-campo-01,2026-09-23T19:40:22.112Z,0,42
estacion-campo-01,2026-09-23T19:35:22.07Z,0.6,99.6
estacion-campo-01,2026-09-23T19:30:21.969Z,0,48.1
estacion-campo-01,2026-09-23T19:25:21.961Z,0,41.3
estacion-campo-01,2026-09-23T19:20:21.905Z,0.4,99.1
estacion-campo-01,2026-09-23T19:15:23.795Z,0,47.8
estacion-campo-01,2026-09-23T19:10:21.893Z,0,41.6
estacion-campo-01,2026-09-23T19:05:21.882Z,0,41.6
estacion-campo-01,2026-09-23T19:00:21.836Z,1,86.2
estacion-campo-01,2026-09-23T18:55:21.826Z,0,51.2
estacion-campo-01,2026-09-23T18:50:21.782Z,1,96.1
estacion-campo-01,2026-09-23T18:45:21.748Z,0,43
estacion-campo-01,2026-09-23T18:40:21.656Z,0,47
estacion-campo-01,2026-09-23T18:35:21.601Z,0,47.2
estacion-campo-01,2026-09-23T17:50:21.093Z,0,45.3
estacion-campo-01,2026-09-23T17:45:21.032Z,0,53.3
estacion-campo-01,2026-09-23T17:40:20.942Z,0,45
estacion-campo-01,2026-09-23T17:35:20.945Z,0,47.5
estacion-campo-01,2026-09-23T17:30:20.866Z,0,51.7
estacion-campo-01,2026-09-23T17:25:20.83Z,0,43.1
estacion-campo-01,2026-09-23T17:20:20.854Z,0,44.1
estacion-campo-01,2026-09-23T17:15:20.78Z,0,51
estacion-campo-01,2026-09-23T17:10:20.682Z,0,43.4
estacion-campo-01,2026-09-23T17:05:20.68Z,0,41.9
estacion-campo-01,2026-09-23T17:00:20.617Z,0,44.7
estacion-campo-01,2026-09-23T16:55:20.535Z,0,49.7
estacion-campo-01,2026-09-23T16:50:20.459Z,0,44.7
estacion-campo-01,2026-09-23T16:45:20.403Z,0,43.8
estacion-campo-01,2026-09-23T16:40:20.309Z,0,49.4
estacion-campo-01,2026-09-23T16:35:20.277Z,0,43
estacion-campo-01,2026-09-23T16:30:20.249Z,0,44
estacion-campo-01,2026-09-27T01:21:00.25Z,0,18.8
estacion-campo-01,2026-09-27T01:16:00.25Z,0,22
estacion-campo-01,2026-09-27T00:30:59.783Z,0,27.3
estacion-campo-01,2026-09-27T00:25:59.782Z,0,19.7
estacion-campo-01,2026-09-27T00:20:59.736Z,0,28.5
estacion-campo-01,2026-09-27T00:15:59.683Z,0,20.6
estacion-campo-01,2026-09-27T00:10:59.698Z,0,22.1
estacion-campo-01,2026-09-27T00:05:59.682Z,0,29
estacion-campo-01,2026-09-27T00:00:59.575Z,0,23.3
estacion-campo-01,2026-09-26T23:55:59.565Z,0,28.3
estacion-campo-01,2026-09-26T23:50:59.573Z,0,24.8
estacion-campo-01,2026-09-26T23:45:59.493Z,0,27
estacion-campo-01,2026-09-26T23:40:59.482Z,0,31.3
estacion-campo-01,2026-09-26T23:35:59.426Z,0,27.1
estacion-campo-01,2026-09-26T23:30:59.354Z,0,28.6
estacion-campo-01,2026-09-26T23:25:59.351Z,0,28.1
estacion-campo-01,2026-09-26T23:20:59.352Z,0,33.7
estacion-campo-01,2026-09-26T23:15:59.285Z,0,30.6
estacion-campo-01,2026-09-26T23:10:59.274Z,0,33.1
estacion-campo-01,2026-09-26T23:05:59.223Z,0,32.3
estacion-campo-01,2026-09-26T23:00:59.187Z,0,33.5
estacion-campo-01,2026-09-26T22:55:59.182Z,0,27.7
estacion-campo-01,2026-09-26T22:50:59.147Z,0.4,86.3
estacion-campo-01,2026-09-26T22:45:59.035Z,1,98.6
estacion-campo-01,2026-09-26T22:40:59.041Z,0,35.9
estacion-campo-01,2026-09-26T22:35:58.995Z,0,94.5
estacion-campo-01,2026-09-26T22:30:58.959Z,0,29.6
estacion-campo-01,2026-09-26T22:25:58.952Z,0,34.1
estacion-campo-01,2026-09-26T22:20:58.94Z,0,33
estacion-campo-01,2026-09-26T22:15:58.974Z,0,37.7
estacion-campo-01,2026-09-26T22:10:58.859Z,0,30.3
estacion-campo-01,2026-09-26T22:05:58.854Z,0.2,92.3
estacion-campo-01,2026-09-26T22:00:58.848Z,0,34.2
estacion-campo-01,2026-09-26T21:55:58.846Z,0,38.2
estacion-campo-01,2026-09-26T21:50:58.813Z,0,38
estacion-campo-01,2026-09-26T21:45:58.71Z,0,34.5
estacion-campo-01,2026-09-26T21:40:58.711Z,0,36.3
estacion-campo-01,2026-09-26T21:35:58.675Z,0,38.3
estacion-campo-01,2026-09-26T21:30:58.706Z,0,39.8
estacion-campo-01,2026-09-26T21:25:58.634Z,0,34.6
estacion-campo-01,2026-09-26T21:20:58.575Z,0,36.8
estacion-campo-01,2026-09-26T21:15:58.507Z,0,34.3
estacion-campo-01,2026-09-26T21:10:58.456Z,0.4,87.8
estacion-campo-01,2026-09-26T21:05:58.415Z,0.8,90.7
estacion-campo-01,2026-09-26T21:00:58.316Z,0,33.7
estacion-campo-01,2026-09-26T20:55:58.33Z,0.6,94
estacion-campo-01,2026-09-26T20:50:58.318Z,0,36.3
estacion-campo-01,2026-09-26T20:45:58.241Z,0,39.3
estacion-campo-01,2026-09-26T20:40:58.177Z,0,38
estacion-campo-01,2026-09-26T20:35:58.155Z,0,39.9
estacion-campo-01,2026-09-26T20:30:58.094Z,0,38.9
estacion-campo-01,2026-09-26T20:25:58.035Z,0.6,90
estacion-campo-01,2026-09-26T20:20:58.015Z,0,38.6
estacion-campo-01,2026-09-26T19:35:57.308Z,0,43.3
estacion-campo-01,2026-09-26T19:30:57.306Z,0,46.4
estacion-campo-01,2026-09-26T19:25:57.271Z,1.2,99.9
estacion-campo-01,2026-09-26T19:20:57.198Z,0,48.8
estacion-campo-01,2026-09-26T19:15:57.199Z,0,43.7
estacion-campo-01,2026-09-26T19:10:57.139Z,0,41.5
estacion-campo-01,2026-09-26T19:05:57.054Z,0.2,94.2
estacion-campo-01,2026-09-26T19:00:57.06Z,0,48.7
estacion-campo-01,2026-09-26T18:55:57.026Z,0.8,95.5
estacion-campo-01,2026-09-26T18:50:56.936Z,0.4,96.7
estacion-campo-01,2026-09-26T18:45:56.945Z,0,47.1
estacion-campo-01,2026-09-26T18:40:56.889Z,0.8,88.5
estacion-campo-01,2026-09-26T18:35:56.819Z,0,49
estacion-campo-01,2026-09-26T18:30:56.798Z,0,48.3
estacion-campo-01,2026-09-26T18:25:56.771Z,0,48.9
estacion-campo-01,2026-09-26T18:20:56.675Z,0,53.6
estacion-campo-01,2026-09-26T18:15:56.676Z,0.6,88
estacion-campo-01,2026-09-26T18:10:56.647Z,0.2,93.6
estacion-campo-01,2026-09-26T18:05:56.55Z,0,53.7
estacion-campo-01,2026-09-26T18:00:56.554Z,0,51.9
estacion-campo-01,2026-09-26T17:55:56.509Z,0,49.4
estacion-campo-01,2026-09-26T17:50:56.419Z,0,49.7
estacion-campo-01,2026-09-26T17:45:56.439Z,0,50.6
estacion-campo-01,2026-09-26T17:40:56.409Z,0,45
estacion-campo-01,2026-09-26T17:35:56.3Z,0,48.2
estacion-campo-01,2026-09-26T17:30:56.302Z,0,51.8
estacion-campo-01,2026-09-26T17:25:56.276Z,0,46.5
estacion-campo-01,2026-09-26T17:20:56.19Z,0,45.6
estacion-campo-01,2026-09-26T17:15:56.203Z,0,47
estacion-campo-01,2026-09-26T17:10:56.174Z,0,43.3
estacion-campo-01,2026-09-26T17:05:56.078Z,0,48.7
estacion-campo-01,2026-09-26T17:00:56.091Z,0,42
estacion-campo-01,2026-09-26T16:55:56.019Z,0,47.8
estacion-campo-01,2026-09-26T16:50:55.933Z,0,48.6
estacion-campo-01,2026-09-26T16:45:55.936Z,0,44.9
estacion-campo-01,2026-09-26T16:40:55.919Z,0,45.3
estacion-campo-01,2026-09-26T16:35:55.857Z,0,41.9
estacion-campo-01,2026-09-26T16:30:55.836Z,0,44.4
estacion-campo-01,2026-09-26T16:25:55.784Z,0,45.3
estacion-campo-01,2026-09-26T16:20:55.707Z,0,42.4
estacion-campo-01,2026-09-26T16:15:55.617Z,0,39.9
estacion-campo-01,2026-09-26T16:10:55.587Z,0,42
estacion-campo-01,2026-09-26T16:05:55.561Z,0,41.5
estacion-campo-01,2026-09-26T16:00:55.575Z,0,43.9
estacion-campo-01,2026-09-26T15:55:55.549Z,0,38.7
estacion-campo-01,2026-09-26T15:50:55.516Z,0,43.3
estacion-campo-01,2026-09-26T15:45:55.464Z,0,37.6
estacion-campo-01,2026-09-26T15:40:55.454Z,0,45.4
estacion-campo-01,2026-09-26T15:35:55.432Z,0,36.4
estacion-campo-01,2026-09-26T15:30:55.385Z,0,39.6
estacion-campo-01,2026-09-26T15:25:55.332Z,0,37.5
estacion-campo-01,2026-09-26T14:40:54.758Z,0,41
estacion-campo-01,2026-09-26T14:35:54.76Z,0,38.2
estacion-campo-01,2026-09-26T14:30:54.705Z,0,34.2
estacion-campo-01,2026-09-26T14:25:54.68Z,0,40.6
estacion-campo-01,2026-09-26T14:20:54.688Z,0,38.7
estacion-campo-01,2026-09-26T14:15:54.656Z,0,31.8
estacion-campo-01,2026-09-26T14:10:54.553Z,0,92.5
estacion-campo-01,2026-09-26T14:05:54.558Z,0,32.8
estacion-campo-01,2026-09-26T14:00:54.489Z,0,31.1
estacion-campo-01,2026-09-26T13:55:54.415Z,0,31.1
estacion-campo-01,2026-09-26T13:50:54.408Z,0,37
estacion-campo-01,2026-09-26T13:45:54.399Z,0,28.5
