id,ts,temperatura,humedadRelativa,lluvia,viento,radiacion
meteorologia-predio-01,2026-09-26T13:37:22.525Z,23.1,94,0.1,3.8,333
meteorologia-predio-01,2026-09-26T13:27:21.772Z,23.1,94,0.1,3.3,287
meteorologia-predio-01,2026-09-26T13:17:20.991Z,23.1,94,0.1,3.3,287
meteorologia-predio-01,2026-09-26T13:07:20.137Z,23,95,0,3,242
meteorologia-predio-01,2026-09-26T12:57:19.061Z,22.9,96,0,2.7,201
meteorologia-predio-01,2026-09-26T12:47:18.302Z,22.9,96,0,2.7,201
meteorologia-predio-01,2026-09-26T12:37:17.454Z,22.6,98,0,2.2,168
meteorologia-predio-01,2026-09-26T12:27:15.735Z,22.4,99,0.1,2,143
meteorologia-predio-01,2026-09-26T12:17:15.006Z,22.4,99,0.1,2,153
meteorologia-predio-01,2026-09-26T12:07:14.079Z,22.2,99,0,1.9,114
meteorologia-predio-01,2026-09-26T11:57:12.958Z,22.2,98,0,1.5,78
meteorologia-predio-01,2026-09-26T11:47:12.163Z,22.2,98,0,1.5,78
meteorologia-predio-01,2026-09-26T11:37:11.212Z,22.2,97,0,1.3,49
meteorologia-predio-01,2026-09-26T11:27:10.418Z,22.2,96,0,0.6,24
meteorologia-predio-01,2026-09-26T11:17:09.542Z,22.2,96,0,0.6,24
meteorologia-predio-01,2026-09-26T11:07:08.791Z,22.2,96,0,0.4,6
meteorologia-predio-01,2026-09-26T10:57:07.606Z,22.1,96,0,0.4,0
meteorologia-predio-01,2026-09-26T10:47:06.893Z,22.1,96,0,0.4,0
meteorologia-predio-01,2026-09-26T10:37:06.196Z,22,96,0,0.8,0
meteorologia-predio-01,2026-09-26T10:27:05.294Z,21.9,97,0,1.3,0
meteorologia-predio-01,2026-09-26T10:17:04.53Z,21.9,97,0,1.3,0
meteorologia-predio-01,2026-09-26T10:07:03.613Z,21.8,98,0.1,1.5,0
meteorologia-predio-01,2026-09-26T09:57:02.359Z,21.8,98,0.1,1.5,0
meteorologia-predio-01,2026-09-26T09:47:01.61Z,21.8,98,0.1,1.5,0
meteorologia-predio-01,2026-09-26T09:37:00.671Z,21.8,98,0.1,1.6,0
meteorologia-predio-01,2026-09-26T09:26:59.831Z,21.8,98,0.1,1.9,0
meteorologia-predio-01,2026-09-26T09:16:59.098Z,21.8,98,0.1,1.9,0
meteorologia-predio-01,2026-09-26T09:06:58.348Z,21.8,98,0,1.8,0
meteorologia-predio-01,2026-09-26T08:56:57.46Z,21.8,98,0,0.8,0
meteorologia-predio-01,2026-09-26T08:46:56.615Z,21.8,98,0,0.8,0
meteorologia-predio-01,2026-09-26T08:36:55.863Z,21.9,98,0,0.9,0
meteorologia-predio-01,2026-09-26T08:26:55.015Z,21.9,98,0,2.7,0
meteorologia-predio-01,2026-09-26T08:16:54.271Z,21.9,98,0,2.7,0
meteorologia-predio-01,2026-09-26T08:06:53.558Z,22,98,0.1,3.4,0
meteorologia-predio-01,2026-09-26T07:56:52.647Z,22.3,96,0.1,3.1,0
meteorologia-predio-01,2026-09-26T07:46:51.896Z,22.3,96,0.1,3.1,0
meteorologia-predio-01,2026-09-26T07:36:50.716Z,22.6,94,0.1,1.9,0
meteorologia-predio-01,2026-09-26T07:26:49.901Z,22.9,92,0.1,0.7,0
meteorologia-predio-01,2026-09-26T07:16:48.956Z,22.1,98,0.1,0,0
meteorologia-predio-01,2026-09-26T07:06:48.116Z,22.2,97,0.1,0.6,0
meteorologia-predio-01,2026-09-26T06:56:47.21Z,22.3,96,0.1,0.6,0
meteorologia-predio-01,2026-09-26T06:46:46.377Z,22.3,96,0.3,0.6,0
meteorologia-predio-01,2026-09-26T06:36:45.605Z,22.5,95,0.3,0.8,0
meteorologia-predio-01,2026-09-26T06:26:44.893Z,22.6,93,0.3,0.9,0
meteorologia-predio-01,2026-09-26T06:16:44.199Z,22.6,93,0.3,0.9,0
meteorologia-predio-01,2026-09-26T06:10:52.914Z,22.8,92,0.1,1.1,0
meteorologia-predio-01,2026-09-26T06:00:51.959Z,22.8,92,0.1,1.1,0
meteorologia-predio-01,2026-09-26T05:50:50.804Z,22.9,91,0.1,1.1,0
meteorologia-predio-01,2026-09-26T05:40:50.027Z,23,91,0.1,1.1,0
meteorologia-predio-01,2026-09-26T05:30:49.288Z,23,91,0.1,1.1,0
meteorologia-predio-01,2026-09-26T05:20:48.523Z,23,90,0.1,0.9,0
meteorologia-predio-01,2026-09-26T05:10:47.774Z,23,90,0.1,0.7,0
meteorologia-predio-01,2026-09-26T05:00:47.067Z,23,90,0.1,0.7,0
meteorologia-predio-01,2026-09-26T04:50:46.229Z,22.9,91,0.1,0.6,0
meteorologia-predio-01,2026-09-26T04:40:45.517Z,22.7,93,0.1,1.5,0
meteorologia-predio-01,2026-09-26T04:30:44.729Z,22.7,93,0.1,1.5,0
meteorologia-predio-01,2026-09-26T04:20:43.923Z,22.6,94,0.1,2.3,0
meteorologia-predio-01,2026-09-26T04:10:43.086Z,22.5,95,0.1,2.7,0
meteorologia-predio-01,2026-09-26T04:00:42.346Z,22.5,95,0.1,2.7,0
meteorologia-predio-01,2026-09-26T03:50:41.478Z,22.7,94,0.1,2.2,0
meteorologia-predio-01,2026-09-26T03:40:40.759Z,22.9,92,0.1,1.3,0
meteorologia-predio-01,2026-09-26T03:30:39.624Z,22.9,92,0.1,1.3,0
meteorologia-predio-01,2026-09-26T03:20:38.552Z,23.2,90,0.1,0.9,0
meteorologia-predio-01,2026-09-26T03:10:37.65Z,23.4,89,0.1,1.3,0
meteorologia-predio-01,2026-09-26T03:00:36.714Z,23.4,89,0.1,1.3,0
meteorologia-predio-01,2026-09-26T02:50:35.819Z,23.5,89,0.1,1.1,0
meteorologia-predio-01,2026-09-26T02:40:35.099Z,23.6,89,0.1,0.6,0
meteorologia-predio-01,2026-09-26T02:30:34.2Z,23.6,89,0.1,0.6,0
meteorologia-predio-01,2026-09-26T02:20:33.468Z,23.7,89,0.1,0.3,0
meteorologia-predio-01,2026-09-26T02:10:32.753Z,23.7,89,0.1,0.9,0
meteorologia-predio-01,2026-09-26T02:00:31.994Z,23.7,89,0.1,0.9,0
meteorologia-predio-01,2026-09-26T01:50:30.192Z,23.6,90,0.1,1.5,0
meteorologia-predio-01,2026-09-26T01:40:29.354Z,23.5,91,0.1,1.9,0
meteorologia-predio-01,2026-09-26T01:30:28.427Z,23.5,91,0.1,1.9,0
meteorologia-predio-01,2026-09-26T01:20:27.704Z,23.4,93,0.1,2.3,0
meteorologia-predio-01,2026-09-26T01:10:26.487Z,23.4,94,0.7,2.4,0
meteorologia-predio-01,2026-09-26T01:00:25.213Z,23.4,94,0.7,2.4,0
meteorologia-predio-01,2026-09-26T00:50:23.326Z,23.4,94,0.7,2.2,0
meteorologia-predio-01,2026-09-26T00:40:22.413Z,23.4,94,0.1,1.5,0
meteorologia-predio-01,2026-09-26T00:30:21.26Z,23.4,94,0.1,1.5,0
meteorologia-predio-01,2026-09-26T00:20:20.492Z,24.4,92,0.1,0.4,0
meteorologia-predio-01,2026-09-26T00:10:19.357Z,24.4,92,0.1,0.9,0
meteorologia-predio-01,2026-09-26T00:00:18.539Z,24.4,92,0.1,0.9,0
meteorologia-predio-01,2026-09-25T23:50:17.359Z,24.3,93,0.1,1.1,0
meteorologia-predio-01,2026-09-25T23:40:16.617Z,24.3,94,0.1,1.3,0
meteorologia-predio-01,2026-09-25T23:30:15.779Z,24.3,94,0.1,1.3,0
meteorologia-predio-01,2026-09-25T23:20:14.863Z,24.2,96,0.1,1.3,0
meteorologia-predio-01,2026-09-25T23:10:14.068Z,24.3,97,0.6,1,0
meteorologia-predio-01,2026-09-25T23:00:13.306Z,24.3,97,0.6,1,0
meteorologia-predio-01,2026-09-25T22:50:12.491Z,24.5,97,0.6,0.6,14
meteorologia-predio-01,2026-09-25T22:40:11.802Z,24.8,97,0.6,1.3,44
meteorologia-predio-01,2026-09-25T22:30:11.015Z,24.8,97,0.6,1.3,44
meteorologia-predio-01,2026-09-25T22:20:09.631Z,25.2,96,0.6,2.3,78
meteorologia-predio-01,2026-09-25T22:10:08.739Z,25.6,95,0.1,2.8,118
meteorologia-predio-01,2026-09-25T22:00:07.922Z,25.6,95,0.1,2.8,118
meteorologia-predio-01,2026-09-25T21:50:06.655Z,25.9,92,0.1,3.1,161
meteorologia-predio-01,2026-09-25T21:40:05.746Z,26.3,88,0.1,3.1,206
meteorologia-predio-01,2026-09-25T21:30:04.867Z,26.3,88,0.1,3.1,206
meteorologia-predio-01,2026-09-25T21:20:03.957Z,26.7,84,0.1,3.5,251
meteorologia-predio-01,2026-09-25T21:10:03.116Z,26.9,81,0.3,4,297
meteorologia-predio-01,2026-09-25T20:50:01.713Z,27.1,80,0.3,4.5,345
meteorologia-predio-01,2026-09-25T20:40:00.938Z,27.1,79,0.3,4.9,400
meteorologia-predio-01,2026-09-25T20:29:59.96Z,27.1,78,0.3,5.3,464
meteorologia-predio-01,2026-09-25T20:19:59.028Z,27.1,78,0.3,5.3,464
meteorologia-predio-01,2026-09-25T20:09:58.216Z,27.1,77,0.1,5.6,531
meteorologia-predio-01,2026-09-25T19:59:57.462Z,27.2,77,0.1,5.7,590
meteorologia-predio-01,2026-09-25T19:49:56.679Z,27.2,77,0.1,5.7,590
meteorologia-predio-01,2026-09-25T19:39:55.822Z,27.3,76,0.1,5.6,633
meteorologia-predio-01,2026-09-25T19:29:55.064Z,27.3,77,0.1,5.7,654
meteorologia-predio-01,2026-09-25T19:19:54.261Z,27.3,77,0.1,5.7,654
meteorologia-predio-01,2026-09-25T19:09:53.404Z,27.4,76,0.2,5.7,662
meteorologia-predio-01,2026-09-25T18:59:52.626Z,27.4,76,0.2,5,663
meteorologia-predio-01,2026-09-25T18:49:51.698Z,25,95,0.7,3.4,529
meteorologia-predio-01,2026-09-25T18:39:50.938Z,25,96,0.7,3.9,553
meteorologia-predio-01,2026-09-25T18:29:50.21Z,25,96,0.7,4.6,562
meteorologia-predio-01,2026-09-25T18:19:49.457Z,25,96,0.7,4.6,562
meteorologia-predio-01,2026-09-25T18:09:48.569Z,25,96,0.4,4.9,561
meteorologia-predio-01,2026-09-25T17:59:47.698Z,25,96,0.4,4.8,560
meteorologia-predio-01,2026-09-25T17:49:46.841Z,25,96,0.4,4.8,560
meteorologia-predio-01,2026-09-25T17:39:45.964Z,25,97,0.4,4.4,568
meteorologia-predio-01,2026-09-25T17:29:45.107Z,25,98,0.4,4,583
meteorologia-predio-01,2026-09-25T17:19:44.341Z,25,98,0.4,4,583
meteorologia-predio-01,2026-09-25T17:09:43.527Z,24.9,98,0.7,3.7,599
meteorologia-predio-01,2026-09-25T16:59:42.798Z,24.7,98,0.7,3.7,606
meteorologia-predio-01,2026-09-25T16:49:42.111Z,24.7,98,0.7,3.7,606
meteorologia-predio-01,2026-09-25T16:39:41.34Z,24.6,98,0.7,3.9,596
meteorologia-predio-01,2026-09-25T16:29:40.451Z,24.4,98,0.7,4.4,571
meteorologia-predio-01,2026-09-25T16:19:39.717Z,24.4,98,0.7,4.4,571
meteorologia-predio-01,2026-09-25T16:09:39.009Z,24.2,98,0.5,4.5,536
meteorologia-predio-01,2026-09-25T15:59:38.302Z,24.1,98,0.5,4.5,500
meteorologia-predio-01,2026-09-25T15:49:37.544Z,24.1,98,0.5,4.5,500
meteorologia-predio-01,2026-09-25T15:39:36.695Z,23.9,98,0.5,4.6,468
meteorologia-predio-01,2026-09-25T15:29:35.957Z,23.8,99,0.5,4.4,431
meteorologia-predio-01,2026-09-25T15:19:35.207Z,23.8,99,0.5,4.4,431
meteorologia-predio-01,2026-09-25T15:09:34.454Z,23.7,99,0.5,4.2,396
meteorologia-predio-01,2026-09-25T14:59:33.706Z,23.6,99,0.5,3.7,370
meteorologia-predio-01,2026-09-25T14:49:32.937Z,23.6,99,0.5,3.7,370
meteorologia-predio-01,2026-09-25T14:39:32.241Z,23.5,99,0.5,3.1,361
meteorologia-predio-01,2026-09-25T14:29:31.531Z,23.5,99,0.5,2.4,377
meteorologia-predio-01,2026-09-25T14:19:30.842Z,23.5,99,0.5,2.4,377
meteorologia-predio-01,2026-09-25T14:09:29.991Z,23.4,99,0.5,2,392
meteorologia-predio-01,2026-09-25T13:59:29.064Z,23.2,98,0.5,2,384
meteorologia-predio-01,2026-09-25T13:49:28.24Z,23.2,98,0.5,2,384
meteorologia-predio-01,2026-09-29T13:53:23.053Z,26.8,74,0,5.9,586
meteorologia-predio-01,2026-09-29T14:33:25.963Z,27.4,72,0.1,7.5,621
meteorologia-predio-01,2026-09-29T14:03:23.749Z,27,73,0,6.7,603
meteorologia-predio-01,2026-09-29T14:13:24.458Z,27,73,0,6.7,603
meteorologia-predio-01,2026-09-29T14:23:25.211Z,27.2,73,0.1,7.2,611
meteorologia-predio-01,2026-09-28T13:41:25.444Z,23.4,94,0,2.8,365
meteorologia-predio-01,2026-09-28T13:31:24.549Z,23.4,94,0,2.8,365
meteorologia-predio-01,2026-09-28T13:21:23.653Z,23.1,96,0,2,294
meteorologia-predio-01,2026-09-28T13:11:22.779Z,22.8,98,0.1,1.4,225
meteorologia-predio-01,2026-09-28T13:01:21.96Z,22.8,98,0.1,1.4,225
meteorologia-predio-01,2026-09-28T12:51:21.057Z,22.6,98,0.1,1.1,169
meteorologia-predio-01,2026-09-28T12:41:20.309Z,22.4,99,0.1,1.2,133
meteorologia-predio-01,2026-09-28T12:31:19.488Z,22.6,97,0,2.1,195
meteorologia-predio-01,2026-09-28T12:21:18.649Z,22.5,99,0,1.6,161
meteorologia-predio-01,2026-09-28T12:11:17.898Z,22.3,99,0.1,1.2,126
meteorologia-predio-01,2026-09-28T12:01:17.063Z,22.3,99,0.1,1.2,126
meteorologia-predio-01,2026-09-28T11:51:16.011Z,22.2,99,0.1,1.1,93
meteorologia-predio-01,2026-09-28T11:41:15.322Z,22,99,0.1,1.1,62
meteorologia-predio-01,2026-09-28T11:31:14.566Z,22,99,0.1,1.1,62
meteorologia-predio-01,2026-09-28T11:21:13.669Z,21.9,99,0.1,1.3,33
meteorologia-predio-01,2026-09-28T11:11:12.888Z,21.8,98,0.4,1.5,9
meteorologia-predio-01,2026-09-28T11:01:12.13Z,21.8,98,0.4,1.5,9
meteorologia-predio-01,2026-09-28T10:51:11.258Z,21.9,98,0.4,1.5,0
meteorologia-predio-01,2026-09-28T10:41:10.501Z,22,97,0.4,1.5,0
meteorologia-predio-01,2026-09-28T10:31:09.738Z,22,97,0.4,1.5,0
meteorologia-predio-01,2026-09-28T10:21:08.716Z,22.1,96,0.4,1.3,0
meteorologia-predio-01,2026-09-28T10:11:07.958Z,22.1,96,0.3,1.1,0
meteorologia-predio-01,2026-09-28T10:01:07.218Z,22.1,96,0.3,1.1,0
meteorologia-predio-01,2026-09-28T09:51:06.479Z,22,96,0.3,0.6,0
meteorologia-predio-01,2026-09-28T09:41:05.576Z,21.9,96,0.3,0.5,0
meteorologia-predio-01,2026-09-28T09:31:04.812Z,21.9,96,0.3,0.5,0
meteorologia-predio-01,2026-09-28T09:21:03.916Z,21.7,96,0.3,1.3,0
meteorologia-predio-01,2026-09-28T09:11:02.916Z,21.7,96,0.5,1.4,0
meteorologia-predio-01,2026-09-28T09:01:02.233Z,21.7,96,0.5,1.4,0
meteorologia-predio-01,2026-09-28T08:51:01.487Z,21.7,96,0.5,0.8,0
meteorologia-predio-01,2026-09-28T08:41:00.744Z,21.8,96,0.5,0.2,0
meteorologia-predio-01,2026-09-28T08:31:00.012Z,21.8,96,0.5,0.2,0
meteorologia-predio-01,2026-09-28T08:20:59.275Z,21.9,96,0.5,1.2,0
meteorologia-predio-01,2026-09-28T08:10:58.332Z,22.1,97,0.2,1.8,0
meteorologia-predio-01,2026-09-28T08:00:57.453Z,22.1,97,0.2,1.8,0
meteorologia-predio-01,2026-09-28T07:50:56.558Z,22.2,98,0.2,1.8,0
meteorologia-predio-01,2026-09-28T07:40:55.818Z,22.3,98,0.2,1.8,0
meteorologia-predio-01,2026-09-28T07:30:55.06Z,22.3,98,0.2,1.8,0
meteorologia-predio-01,2026-09-28T07:20:54.284Z,22.5,99,0.2,2.3,0
meteorologia-predio-01,2026-09-28T07:10:53.429Z,22.6,99,0.1,2.8,0
meteorologia-predio-01,2026-09-28T07:00:52.573Z,22.6,99,0.1,0.7,0
meteorologia-predio-01,2026-09-28T06:50:51.494Z,21.7,99,0.1,0.7,0
meteorologia-predio-01,2026-09-28T06:40:50.722Z,21.7,99,0.1,0.6,0
meteorologia-predio-01,2026-09-28T06:30:50.013Z,21.7,99,0.1,0.6,0
meteorologia-predio-01,2026-09-28T06:20:49.163Z,21.8,98,0.1,0.4,0
meteorologia-predio-01,2026-09-28T06:10:48.415Z,21.8,97,0.2,0.4,0
meteorologia-predio-01,2026-09-28T06:00:47.632Z,21.8,97,0.2,0.4,0
meteorologia-predio-01,2026-09-28T05:50:46.447Z,21.8,97,0.2,0.6,0
meteorologia-predio-01,2026-09-28T05:40:45.665Z,21.8,96,0.2,0.8,0
meteorologia-predio-01,2026-09-28T05:30:44.851Z,21.8,96,0.2,0.8,0
meteorologia-predio-01,2026-09-28T05:20:44.116Z,21.8,96,0.2,1.2,0
meteorologia-predio-01,2026-09-28T05:10:43.354Z,21.9,96,0.2,1.3,0
meteorologia-predio-01,2026-09-28T05:00:42.576Z,21.9,96,0.2,1.3,0
meteorologia-predio-01,2026-09-28T04:50:41.828Z,22,96,0.2,0.9,0
meteorologia-predio-01,2026-09-28T04:40:41.071Z,22.3,96,0.2,0.4,0
meteorologia-predio-01,2026-09-28T04:30:40.338Z,22.3,96,0.2,0.4,0
meteorologia-predio-01,2026-09-28T04:20:39.434Z,22.5,96,0.2,0.6,0
meteorologia-predio-01,2026-09-28T04:10:38.562Z,22.7,96,0.1,0.9,0
meteorologia-predio-01,2026-09-28T04:00:37.66Z,22.7,96,0.1,0.9,0
meteorologia-predio-01,2026-09-28T03:50:36.696Z,22.7,96,0.1,1,0
meteorologia-predio-01,2026-09-28T03:40:35.943Z,22.7,96,0.1,1.3,0
meteorologia-predio-01,2026-09-28T03:30:35.082Z,22.7,96,0.1,1.3,0
meteorologia-predio-01,2026-09-28T03:20:34.19Z,22.7,95,0.1,1.6,0
meteorologia-predio-01,2026-09-28T03:10:33.466Z,22.8,94,0.1,1.7,0
meteorologia-predio-01,2026-09-28T03:00:32.722Z,22.8,94,0.1,1.7,0
meteorologia-predio-01,2026-09-28T02:50:31.789Z,22.9,93,0.1,1.5,0
meteorologia-predio-01,2026-09-28T02:40:31.016Z,23,92,0.1,0.9,0
meteorologia-predio-01,2026-09-28T02:30:30.086Z,23,92,0.1,0.9,0
meteorologia-predio-01,2026-09-28T02:20:29.334Z,23.2,91,0.1,0.4,0
meteorologia-predio-01,2026-09-28T02:10:28.553Z,23.3,90,0.3,0,0
meteorologia-predio-01,2026-09-28T02:00:27.655Z,23.3,90,0.3,0,0
meteorologia-predio-01,2026-09-28T01:50:26.641Z,23.3,90,0.3,0.2,0
meteorologia-predio-01,2026-09-28T01:40:25.727Z,23.3,90,0.3,0.5,0
meteorologia-predio-01,2026-09-28T01:30:24.974Z,23.3,90,0.3,0.5,0
meteorologia-predio-01,2026-09-28T01:20:24.204Z,23.3,91,0.3,0.7,0
meteorologia-predio-01,2026-09-28T01:10:23.521Z,23.3,92,0.3,0.9,0
meteorologia-predio-01,2026-09-28T01:00:22.794Z,23.3,92,0.3,0.9,0
meteorologia-predio-01,2026-09-28T00:50:21.198Z,23.3,92,0.3,0.7,0
meteorologia-predio-01,2026-09-28T00:40:20.437Z,23.4,92,0.3,0.9,0
meteorologia-predio-01,2026-09-28T00:30:19.59Z,23.4,92,0.3,0.9,0
meteorologia-predio-01,2026-09-28T00:20:18.819Z,23.7,90,0.3,0.4,0
meteorologia-predio-01,2026-09-28T00:10:17.392Z,23.7,93,0.4,0.3,0
meteorologia-predio-01,2026-09-28T00:00:16.384Z,23.7,93,0.4,0.3,0
meteorologia-predio-01,2026-09-27T23:50:15.061Z,23.6,94,0.4,0.7,0
meteorologia-predio-01,2026-09-27T23:40:14.223Z,23.6,95,0.4,1.5,0
meteorologia-predio-01,2026-09-27T23:30:13.516Z,23.6,95,0.4,1.5,0
meteorologia-predio-01,2026-09-27T23:20:12.671Z,23.5,97,0.4,2.2,0
meteorologia-predio-01,2026-09-27T23:10:11.812Z,23.5,98,0.1,2.5,0
meteorologia-predio-01,2026-09-27T23:00:10.975Z,23.5,98,0.1,2.5,0
meteorologia-predio-01,2026-09-27T22:50:09.69Z,23.5,98,0.1,2.2,11
meteorologia-predio-01,2026-09-27T22:40:08.704Z,23.7,98,0.1,1.9,36
meteorologia-predio-01,2026-09-27T22:30:07.977Z,23.7,98,0.1,1.9,36
meteorologia-predio-01,2026-09-27T22:20:07.133Z,23.8,98,0.1,2.2,61
meteorologia-predio-01,2026-09-27T22:10:06.43Z,23.9,98,0.4,2.5,85
meteorologia-predio-01,2026-09-27T22:00:05.472Z,23.9,98,0.4,2.5,85
meteorologia-predio-01,2026-09-27T21:50:04.13Z,24,98,0.4,2.3,109
meteorologia-predio-01,2026-09-27T21:40:03.422Z,24.2,98,0.4,1.8,137
meteorologia-predio-01,2026-09-27T21:20:01.529Z,24.3,98,0.4,1.2,171
meteorologia-predio-01,2026-09-27T21:10:00.725Z,24.3,99,0.1,0.8,209
meteorologia-predio-01,2026-09-24T13:37:28.65Z,24.9,80,0,4.5,436
meteorologia-predio-01,2026-09-24T13:27:27.895Z,24.7,81,0,4.5,412
meteorologia-predio-01,2026-09-24T13:17:27.035Z,24.7,81,0,4.5,412
meteorologia-predio-01,2026-09-24T13:07:26.134Z,24.5,83,0,4.1,390
meteorologia-predio-01,2026-09-24T12:57:25.189Z,24.2,84,0,3.4,359
meteorologia-predio-01,2026-09-24T12:47:24.388Z,24.2,84,0,3.4,359
meteorologia-predio-01,2026-09-24T12:37:23.464Z,23.8,86,0,2.3,310
meteorologia-predio-01,2026-09-24T12:27:22.707Z,23.5,87,0,1.3,252
meteorologia-predio-01,2026-09-24T12:17:21.953Z,23.3,89,0,2.9,253
meteorologia-predio-01,2026-09-24T12:07:21.087Z,22.9,93,0,2.6,194
meteorologia-predio-01,2026-09-24T11:57:20.342Z,22.5,94,0,1.9,139
meteorologia-predio-01,2026-09-24T11:47:19.481Z,22.5,94,0,1.9,139
meteorologia-predio-01,2026-09-24T11:37:18.608Z,22.2,96,0,1.3,89
meteorologia-predio-01,2026-09-24T11:27:17.519Z,21.9,97,0,0.6,44
meteorologia-predio-01,2026-09-24T11:17:16.748Z,21.9,97,0,0.6,44
meteorologia-predio-01,2026-09-24T11:07:16.054Z,21.6,98,0,0.5,11
meteorologia-predio-01,2026-09-24T10:57:15.349Z,21.4,99,0,0.6,0
meteorologia-predio-01,2026-09-24T10:47:14.605Z,21.4,99,0,0.6,0
meteorologia-predio-01,2026-09-24T10:37:13.902Z,21.3,99,0,1.3,0
meteorologia-predio-01,2026-09-24T10:27:12.961Z,21.2,99,0,1.8,0
meteorologia-predio-01,2026-09-24T10:17:12.19Z,21.2,99,0,1.8,0
meteorologia-predio-01,2026-09-24T10:07:11.444Z,21.2,99,0,2.1,0
meteorologia-predio-01,2026-09-24T09:57:10.639Z,21.2,99,0,1.5,0
meteorologia-predio-01,2026-09-24T09:47:09.861Z,21.2,99,0,1.5,0
meteorologia-predio-01,2026-09-24T09:37:08.947Z,21.3,99,0,0.5,0
meteorologia-predio-01,2026-09-24T09:27:07.648Z,21.5,98,0,0.6,0
meteorologia-predio-01,2026-09-24T09:17:06.764Z,21.5,98,0,0.6,0
meteorologia-predio-01,2026-09-24T09:07:06.066Z,21.6,98,0,0.8,0
meteorologia-predio-01,2026-09-24T08:57:04.797Z,21.6,98,0,0,0
meteorologia-predio-01,2026-09-24T08:47:03.903Z,21.6,98,0,0,0
meteorologia-predio-01,2026-09-24T08:37:03.05Z,21.6,98,0,1.5,0
meteorologia-predio-01,2026-09-24T08:27:02.154Z,21.5,98,0,3,0
meteorologia-predio-01,2026-09-24T08:17:01.338Z,21.5,98,0,3,0
meteorologia-predio-01,2026-09-24T08:07:00.489Z,21.6,98,0,3.7,0
meteorologia-predio-01,2026-09-24T07:56:59.526Z,21.7,98,0,3.6,0
meteorologia-predio-01,2026-09-24T07:46:58.719Z,21.7,98,0,3.6,0
meteorologia-predio-01,2026-09-24T07:36:57.99Z,21.8,99,0,3,0
meteorologia-predio-01,2026-09-24T07:26:57.105Z,22.3,96,0,1.7,0
meteorologia-predio-01,2026-09-24T07:16:55.29Z,22.3,96,0.1,1.7,0
meteorologia-predio-01,2026-09-24T07:06:54.533Z,22.3,97,0,2,0
meteorologia-predio-01,2026-09-24T06:56:53.798Z,22.3,97,0,2.2,0
meteorologia-predio-01,2026-09-24T06:46:52.904Z,22.3,97,0,2.2,0
meteorologia-predio-01,2026-09-24T06:36:52.157Z,22.4,97,0,2.3,0
meteorologia-predio-01,2026-09-24T06:26:51.304Z,22.5,96,0,2.6,0
meteorologia-predio-01,2026-09-24T06:16:50.424Z,22.5,96,0,2.6,0
meteorologia-predio-01,2026-09-24T06:06:49.651Z,22.6,95,0,2.7,0
meteorologia-predio-01,2026-09-24T05:56:48.715Z,22.8,93,0,2.1,0
meteorologia-predio-01,2026-09-24T05:46:47.959Z,22.8,93,0,2.1,0
meteorologia-predio-01,2026-09-24T05:36:47.204Z,23.1,90,0,1,0
meteorologia-predio-01,2026-09-24T05:26:46.426Z,23.4,87,0,0.2,0
meteorologia-predio-01,2026-09-24T05:16:45.694Z,23.4,87,0,0.2,0
meteorologia-predio-01,2026-09-24T05:06:44.841Z,23.6,85,0,0.8,0
meteorologia-predio-01,2026-09-24T04:56:43.918Z,23.6,85,0,0.9,0
meteorologia-predio-01,2026-09-24T04:46:43.166Z,23.6,85,0,0.9,0
meteorologia-predio-01,2026-09-24T04:36:42.415Z,23.6,85,0,1,0
meteorologia-predio-01,2026-09-24T04:26:41.587Z,23.6,86,0,1.5,0
meteorologia-predio-01,2026-09-24T04:16:40.809Z,23.6,86,0,1.5,0
meteorologia-predio-01,2026-09-24T04:06:39.894Z,23.6,86,0,1.7,0
meteorologia-predio-01,2026-09-24T03:56:39.136Z,23.6,86,0,2,0
meteorologia-predio-01,2026-09-24T03:46:38.398Z,23.6,86,0,2,0
meteorologia-predio-01,2026-09-24T03:36:37.414Z,23.5,86,0,3.4,0
meteorologia-predio-01,2026-09-24T03:26:36.664Z,23.5,86,0,4.8,0
meteorologia-predio-01,2026-09-24T03:16:35.913Z,23.5,86,0,4.8,0
meteorologia-predio-01,2026-09-24T03:06:35.148Z,23.6,86,0,5.3,0
meteorologia-predio-01,2026-09-24T02:56:34.376Z,23.9,86,0,4.5,0
meteorologia-predio-01,2026-09-24T02:46:33.623Z,23.9,86,0,4.5,0
meteorologia-predio-01,2026-09-24T02:36:32.885Z,24.2,85,0,3,0
meteorologia-predio-01,2026-09-24T02:26:32.107Z,24.6,84,0,1.5,0
meteorologia-predio-01,2026-09-24T02:16:31.186Z,24.6,84,0,1.5,0
meteorologia-predio-01,2026-09-24T02:06:30.294Z,24.8,83,0,1.3,0
meteorologia-predio-01,2026-09-24T01:56:29.357Z,24.9,84,0,1.2,0
meteorologia-predio-01,2026-09-24T01:46:28.62Z,24.9,84,0,1.2,0
meteorologia-predio-01,2026-09-24T01:36:27.755Z,24.8,84,0,0.8,0
meteorologia-predio-01,2026-09-24T01:26:26.987Z,24.7,85,0,0.4,0
meteorologia-predio-01,2026-09-24T01:16:26.19Z,24.7,85,0,0.4,0
meteorologia-predio-01,2026-09-24T01:06:25.277Z,24.6,86,0,0.5,0
meteorologia-predio-01,2026-09-24T00:56:24.4Z,24.6,87,0,1,0
meteorologia-predio-01,2026-09-24T00:46:23.511Z,24.6,87,0,1,0
meteorologia-predio-01,2026-09-24T00:36:22.649Z,24.7,87,0,1.6,0
meteorologia-predio-01,2026-09-24T00:26:21.801Z,24.8,87,0,2.3,0
meteorologia-predio-01,2026-09-24T00:16:20.88Z,25.6,85,0,1.1,0
meteorologia-predio-01,2026-09-24T00:06:19.839Z,25.6,86,0,0.7,0
meteorologia-predio-01,2026-09-23T23:56:19.088Z,25.6,86,0,0.9,0
meteorologia-predio-01,2026-09-23T23:46:18.341Z,25.6,86,0,0.9,0
meteorologia-predio-01,2026-09-23T23:36:17.583Z,25.6,87,0,1.4,0
meteorologia-predio-01,2026-09-23T23:26:16.74Z,25.7,88,0,2,0
meteorologia-predio-01,2026-09-23T23:16:15.74Z,25.7,88,0,2,0
meteorologia-predio-01,2026-09-23T23:06:14.88Z,25.8,87,0,1.8,0
meteorologia-predio-01,2026-09-23T22:56:13.963Z,26.1,86,0,0.9,18
meteorologia-predio-01,2026-09-23T22:46:13.085Z,26.1,86,0,0.9,18
meteorologia-predio-01,2026-09-23T22:36:12.332Z,26.4,83,0,0.9,54
meteorologia-predio-01,2026-09-23T22:26:11.41Z,26.9,80,0,2.3,96
meteorologia-predio-01,2026-09-23T22:16:10.637Z,26.9,80,0,2.3,96
meteorologia-predio-01,2026-09-23T22:06:09.906Z,27.2,78,0,3.2,145
meteorologia-predio-01,2026-09-23T21:56:09.2Z,27.5,77,0,3.4,200
meteorologia-predio-01,2026-09-23T21:46:08.433Z,27.5,77,0,3.4,200
meteorologia-predio-01,2026-09-23T21:36:07.701Z,27.8,75,0,3.5,255
meteorologia-predio-01,2026-09-23T21:26:06.932Z,28.1,73,0,3.9,307
meteorologia-predio-01,2026-09-23T21:16:06.183Z,28.1,73,0,3.9,307
meteorologia-predio-01,2026-09-23T21:06:05.426Z,28.3,72,0.1,4.4,358
meteorologia-predio-01,2026-09-23T20:56:04.524Z,28.5,71,0.1,5,406
meteorologia-predio-01,2026-09-23T20:46:03.773Z,28.5,71,0.1,5,406
meteorologia-predio-01,2026-09-23T20:36:02.969Z,28.6,70,0.1,5.6,452
meteorologia-predio-01,2026-09-23T20:26:02.226Z,28.8,70,0.1,6.2,489
meteorologia-predio-01,2026-09-23T20:16:01.426Z,28.8,70,0.1,6.2,489
meteorologia-predio-01,2026-09-23T20:06:00.659Z,28.9,69,0,6.4,521
meteorologia-predio-01,2026-09-23T19:55:59.967Z,29,69,0,6.4,553
meteorologia-predio-01,2026-09-23T19:45:59.118Z,29,69,0,6.4,553
meteorologia-predio-01,2026-09-23T19:35:58.163Z,29.2,68,0,6.1,594
meteorologia-predio-01,2026-09-23T19:25:57.371Z,29.3,68,0,5.7,644
meteorologia-predio-01,2026-09-23T19:15:56.574Z,29.3,68,0,5.7,644
meteorologia-predio-01,2026-09-25T13:39:27.356Z,22.9,97,0.5,2.3,335
meteorologia-predio-01,2026-09-25T13:29:26.593Z,22.7,96,0.5,2.5,252
meteorologia-predio-01,2026-09-25T13:19:25.664Z,22.7,96,0.5,2.5,252
meteorologia-predio-01,2026-09-25T13:09:24.846Z,22.6,96,0.3,2.5,165
meteorologia-predio-01,2026-09-25T12:59:24.078Z,22.7,96,0.3,2.2,98
meteorologia-predio-01,2026-09-25T12:49:23.283Z,22.7,96,0.3,2.2,98
meteorologia-predio-01,2026-09-25T12:39:22.585Z,22.9,97,0.3,1.7,65
meteorologia-predio-01,2026-09-25T12:29:21.701Z,23.1,98,0.3,2,52
meteorologia-predio-01,2026-09-25T12:19:20.792Z,22.6,98,0.3,2,88
meteorologia-predio-01,2026-09-25T12:09:19.969Z,22.5,99,0.2,1.7,62
meteorologia-predio-01,2026-09-25T11:59:19.222Z,22.6,98,0.2,1.1,43
meteorologia-predio-01,2026-09-25T11:49:18.299Z,22.6,98,0.2,1.1,43
meteorologia-predio-01,2026-09-25T11:39:17.543Z,22.7,96,0.2,0.6,30
meteorologia-predio-01,2026-09-25T11:29:16.78Z,22.7,96,0.2,1.1,20
meteorologia-predio-01,2026-09-25T11:19:16.069Z,22.7,96,0.2,1.1,20
meteorologia-predio-01,2026-09-25T11:09:15.176Z,22.8,95,0,1.5,7
meteorologia-predio-01,2026-09-25T10:59:14.322Z,22.7,95,0,1.4,0
meteorologia-predio-01,2026-09-25T10:49:13.585Z,22.7,95,0,1.4,0
meteorologia-predio-01,2026-09-25T10:39:12.689Z,22.6,96,0,1.3,0
meteorologia-predio-01,2026-09-25T10:29:11.73Z,22.5,97,0,1.4,0
meteorologia-predio-01,2026-09-25T10:19:10.902Z,22.5,97,0,1.4,0
meteorologia-predio-01,2026-09-25T10:09:10.133Z,22.5,98,0.1,1.5,0
meteorologia-predio-01,2026-09-25T09:59:09.215Z,22.5,98,0.1,1.5,0
meteorologia-predio-01,2026-09-25T09:49:08.457Z,22.5,98,0.1,1.5,0
meteorologia-predio-01,2026-09-25T09:39:07.701Z,22.6,97,0.1,1.8,0
meteorologia-predio-01,2026-09-25T09:29:06.819Z,22.7,96,0.1,2,0
meteorologia-predio-01,2026-09-25T09:19:06.116Z,22.7,96,0.1,2,0
meteorologia-predio-01,2026-09-25T09:09:05.355Z,22.7,96,0,2,0
meteorologia-predio-01,2026-09-25T08:59:04.61Z,22.8,95,0,1.5,0
meteorologia-predio-01,2026-09-25T08:49:03.829Z,22.8,95,0,1.5,0
meteorologia-predio-01,2026-09-25T08:39:02.939Z,22.8,94,0,1.3,0
meteorologia-predio-01,2026-09-25T08:29:02.004Z,22.9,94,0,2,0
meteorologia-predio-01,2026-09-25T08:19:01.128Z,22.9,94,0,2,0
meteorologia-predio-01,2026-09-25T08:09:00.318Z,22.9,93,0.2,2.5,0
meteorologia-predio-01,2026-09-25T07:58:59.456Z,23,94,0.2,2.3,0
meteorologia-predio-01,2026-09-25T07:48:58.469Z,23,94,0.2,2.3,0
meteorologia-predio-01,2026-09-25T07:38:57.648Z,23.1,94,0.2,1.7,0
meteorologia-predio-01,2026-09-25T07:28:56.794Z,23.1,94,0.2,1.6,0
meteorologia-predio-01,2026-09-25T07:18:55.937Z,23.1,94,0.2,1.6,0
meteorologia-predio-01,2026-09-25T07:08:55.18Z,23.1,95,0.3,2.2,0
meteorologia-predio-01,2026-09-25T06:58:54.365Z,22.9,95,0.3,1.7,0
meteorologia-predio-01,2026-09-25T06:48:53.451Z,22.7,94,0.1,1.6,0
meteorologia-predio-01,2026-09-25T06:38:52.713Z,22.3,96,0.1,2.2,0
meteorologia-predio-01,2026-09-25T06:28:51.957Z,21.9,98,0.1,2.7,0
meteorologia-predio-01,2026-09-25T06:18:51.2Z,21.9,98,0.1,2.7,0
meteorologia-predio-01,2026-09-25T06:08:50.153Z,21.8,98,0.9,2.9,0
meteorologia-predio-01,2026-09-25T05:58:49.393Z,22.1,95,0.9,2.5,0
meteorologia-predio-01,2026-09-25T05:48:48.608Z,22.1,95,0.9,2.5,0
meteorologia-predio-01,2026-09-25T05:38:47.695Z,22.7,91,0.9,1.6,0
meteorologia-predio-01,2026-09-25T05:28:46.935Z,23.2,86,0.9,0.7,0
meteorologia-predio-01,2026-09-25T05:18:44.125Z,23.2,86,0.9,0.7,0
meteorologia-predio-01,2026-09-25T05:08:43.422Z,23.7,83,0.1,0.2,0
meteorologia-predio-01,2026-09-25T04:58:42.589Z,23.9,82,0.1,0,0
meteorologia-predio-01,2026-09-25T04:48:41.742Z,23.9,82,0.1,0,0
meteorologia-predio-01,2026-09-25T04:38:40.799Z,24,82,0.1,0.2,0
meteorologia-predio-01,2026-09-25T04:28:39.961Z,24,82,0.1,0.4,0
meteorologia-predio-01,2026-09-25T04:18:39.248Z,24,82,0.1,0.4,0
meteorologia-predio-01,2026-09-25T04:08:38.485Z,24,82,0,0.6,0
meteorologia-predio-01,2026-09-25T03:58:37.716Z,24,83,0,0.9,0
meteorologia-predio-01,2026-09-25T03:48:36.862Z,24,83,0,0.9,0
meteorologia-predio-01,2026-09-25T03:38:36.018Z,24,83,0,1.3,0
meteorologia-predio-01,2026-09-25T03:28:35.271Z,24,84,0,1.9,0
meteorologia-predio-01,2026-09-25T03:18:34.367Z,24,84,0,1.9,0
meteorologia-predio-01,2026-09-25T03:08:33.626Z,23.9,85,0,2.2,0
meteorologia-predio-01,2026-09-25T02:58:32.847Z,23.9,85,0,2.5,0
meteorologia-predio-01,2026-09-25T02:48:32.022Z,23.9,85,0,2.5,0
meteorologia-predio-01,2026-09-25T02:38:31.085Z,23.8,86,0,2.7,0
meteorologia-predio-01,2026-09-25T02:28:30.345Z,23.8,88,0,2.6,0
meteorologia-predio-01,2026-09-25T02:18:29.433Z,23.8,88,0,2.6,0
meteorologia-predio-01,2026-09-25T02:08:28.591Z,23.9,88,0,2.6,0
meteorologia-predio-01,2026-09-25T01:58:27.866Z,24.1,87,0,2.3,0
meteorologia-predio-01,2026-09-25T01:48:27.14Z,24.1,87,0,2.3,0
meteorologia-predio-01,2026-09-25T01:38:26.414Z,24.5,86,0,1.7,0
meteorologia-predio-01,2026-09-25T01:28:25.523Z,24.8,84,0,1.1,0
meteorologia-predio-01,2026-09-25T01:18:24.771Z,24.8,84,0,1.1,0
meteorologia-predio-01,2026-09-25T01:08:23.966Z,25.1,83,0,0.6,0
meteorologia-predio-01,2026-09-25T00:58:23.155Z,25.3,83,0,0.5,0
meteorologia-predio-01,2026-09-25T00:48:22.396Z,25.3,83,0,0.5,0
meteorologia-predio-01,2026-09-25T00:38:21.605Z,25.3,83,0,0.6,0
meteorologia-predio-01,2026-09-25T00:28:20.674Z,25.4,82,0,0.7,0
meteorologia-predio-01,2026-09-25T00:18:19.919Z,25.4,82,0,0.5,0
meteorologia-predio-01,2026-09-25T00:08:19.124Z,26,79,0,1,0
meteorologia-predio-01,2026-09-24T23:58:18.311Z,26.2,78,0,1.3,0
meteorologia-predio-01,2026-09-24T23:48:17.528Z,26.2,78,0,1.3,0
meteorologia-predio-01,2026-09-24T23:38:16.751Z,26.4,78,0,1,0
meteorologia-predio-01,2026-09-24T23:28:15.997Z,26.5,78,0,0.9,0
meteorologia-predio-01,2026-09-24T23:18:15.06Z,26.5,78,0,0.9,0
meteorologia-predio-01,2026-09-24T23:08:14.283Z,26.6,78,0,1,0
meteorologia-predio-01,2026-09-24T22:58:13.535Z,26.9,77,0,1.4,18
meteorologia-predio-01,2026-09-24T22:48:12.789Z,26.9,77,0,1.4,18
meteorologia-predio-01,2026-09-24T22:38:12.056Z,27.1,76,0,1.8,54
meteorologia-predio-01,2026-09-24T22:28:11.263Z,27.4,76,0,2.2,98
meteorologia-predio-01,2026-09-24T22:18:10.461Z,27.4,76,0,2.2,98
meteorologia-predio-01,2026-09-24T22:08:09.711Z,27.6,75,0,2.4,151
meteorologia-predio-01,2026-09-24T21:58:08.81Z,27.8,73,0,2.6,206
meteorologia-predio-01,2026-09-24T21:48:08.071Z,27.8,73,0,2.6,206
meteorologia-predio-01,2026-09-24T21:38:07.158Z,28,72,0,3,252
meteorologia-predio-01,2026-09-24T21:28:06.149Z,28.1,70,0,3.4,281
meteorologia-predio-01,2026-09-29T13:43:22.266Z,26.6,75,0,4.8,552
meteorologia-predio-01,2026-09-29T13:33:21.451Z,26.6,75,0,4.8,552
meteorologia-predio-01,2026-09-29T13:23:20.594Z,26.3,76,0,3.7,509
meteorologia-predio-01,2026-09-29T13:13:19.82Z,26,77,0,2.9,460
meteorologia-predio-01,2026-09-29T13:03:19.064Z,26,77,0,2.9,460
meteorologia-predio-01,2026-09-29T12:53:18.148Z,25.5,80,0,2.5,403
meteorologia-predio-01,2026-09-29T12:43:17.392Z,25,83,0,2.3,343
meteorologia-predio-01,2026-09-29T12:33:16.559Z,25.4,81,0,1.4,347
meteorologia-predio-01,2026-09-29T12:23:15.793Z,25.1,83,0,0.6,285
meteorologia-predio-01,2026-09-29T12:13:15.047Z,24.7,84,0,0.7,223
meteorologia-predio-01,2026-09-29T12:03:14.277Z,24.7,84,0,0.7,223
meteorologia-predio-01,2026-09-29T11:53:13.395Z,24.2,85,0,1,163
meteorologia-predio-01,2026-09-29T11:43:12.595Z,23.6,85,0,0.9,107
meteorologia-predio-01,2026-09-29T11:33:11.824Z,23.6,85,0,0.9,107
meteorologia-predio-01,2026-09-29T11:23:11.063Z,23.1,85,0,0.9,56
meteorologia-predio-01,2026-09-29T11:13:10.284Z,22.7,85,0,0.9,15
meteorologia-predio-01,2026-09-29T11:03:09.57Z,22.7,85,0,0.9,15
meteorologia-predio-01,2026-09-29T10:53:08.66Z,22.5,86,0,1,0
meteorologia-predio-01,2026-09-29T10:43:07.781Z,22.4,86,0,1.3,0
meteorologia-predio-01,2026-09-29T10:33:06.906Z,22.4,86,0,1.3,0
meteorologia-predio-01,2026-09-29T10:23:06.193Z,22.5,85,0,1.5,0
meteorologia-predio-01,2026-09-29T10:13:05.31Z,22.5,85,0,1.5,0
meteorologia-predio-01,2026-09-29T10:03:04.436Z,22.5,85,0,1.5,0
meteorologia-predio-01,2026-09-29T09:53:03.663Z,22.5,85,0,1.5,0
meteorologia-predio-01,2026-09-29T09:43:02.898Z,22.5,85,0,1.3,0
meteorologia-predio-01,2026-09-29T09:33:02.126Z,22.5,85,0,1.3,0
meteorologia-predio-01,2026-09-29T09:23:01.374Z,22.6,85,0,1.2,0
meteorologia-predio-01,2026-09-29T09:13:00.49Z,22.6,84,0,1,0
meteorologia-predio-01,2026-09-29T09:02:59.742Z,22.6,84,0,1,0
meteorologia-predio-01,2026-09-29T08:52:58.983Z,22.7,84,0,0.9,0
meteorologia-predio-01,2026-09-29T08:42:58.229Z,22.7,84,0,0.9,0
meteorologia-predio-01,2026-09-29T08:32:57.355Z,22.7,84,0,0.9,0
meteorologia-predio-01,2026-09-29T08:22:56.495Z,22.7,84,0,0.8,0
meteorologia-predio-01,2026-09-29T08:12:55.724Z,22.8,84,0,0.8,0
meteorologia-predio-01,2026-09-29T08:02:54.834Z,22.8,84,0,0.8,0
meteorologia-predio-01,2026-09-29T07:52:54.078Z,22.9,84,0,0.6,0
meteorologia-predio-01,2026-09-29T07:42:53.315Z,23,83,0,0.6,0
meteorologia-predio-01,2026-09-29T07:32:52.485Z,23,83,0,0.6,0
meteorologia-predio-01,2026-09-29T07:22:51.739Z,23.1,83,0,0.5,0
meteorologia-predio-01,2026-09-29T07:12:50.975Z,23.2,82,0,0.5,0
meteorologia-predio-01,2026-09-29T07:02:50.212Z,22.5,85,0,0.3,0
meteorologia-predio-01,2026-09-29T06:52:49.429Z,22.5,85,0,0.3,0
meteorologia-predio-01,2026-09-29T06:42:48.573Z,22.5,85,0,0.5,0
meteorologia-predio-01,2026-09-29T06:32:47.698Z,22.5,85,0,0.5,0
meteorologia-predio-01,2026-09-29T06:22:46.845Z,22.4,86,0,0.9,0
meteorologia-predio-01,2026-09-29T06:12:45.974Z,22.4,86,0,1.2,0
meteorologia-predio-01,2026-09-29T06:02:45.193Z,22.4,86,0,1.2,0
meteorologia-predio-01,2026-09-29T05:52:44.482Z,22.4,86,0,1.3,0
meteorologia-predio-01,2026-09-29T05:42:43.66Z,22.4,86,0,1.5,0
meteorologia-predio-01,2026-09-29T05:32:42.947Z,22.4,86,0,1.5,0
meteorologia-predio-01,2026-09-29T05:22:42.089Z,22.4,86,0,1.5,0
meteorologia-predio-01,2026-09-29T05:12:41.331Z,22.5,87,0,1.7,0
meteorologia-predio-01,2026-09-29T05:02:40.483Z,22.5,87,0,1.7,0
meteorologia-predio-01,2026-09-29T04:52:39.609Z,22.5,87,0,1.7,0
meteorologia-predio-01,2026-09-29T04:42:38.861Z,22.6,87,0,1.9,0
meteorologia-predio-01,2026-09-29T04:32:37.981Z,22.6,87,0,1.9,0
meteorologia-predio-01,2026-09-29T04:22:37.133Z,22.7,87,0,1.8,0
meteorologia-predio-01,2026-09-29T04:12:36.27Z,22.9,87,0,1.6,0
meteorologia-predio-01,2026-09-29T04:02:35.435Z,22.9,87,0,1.6,0
meteorologia-predio-01,2026-09-29T03:52:34.684Z,23.1,87,0,1.4,0
meteorologia-predio-01,2026-09-29T03:42:33.821Z,23.3,87,0,1,0
meteorologia-predio-01,2026-09-29T03:32:32.862Z,23.3,87,0,1,0
meteorologia-predio-01,2026-09-29T03:22:32.117Z,23.5,86,0,0.5,0
meteorologia-predio-01,2026-09-29T03:12:31.351Z,23.7,86,0,0.3,0
meteorologia-predio-01,2026-09-29T03:02:30.506Z,23.7,86,0,0.3,0
meteorologia-predio-01,2026-09-29T02:52:29.762Z,23.8,86,0,0.3,0
meteorologia-predio-01,2026-09-29T02:42:29.001Z,23.8,86,0,0.3,0
meteorologia-predio-01,2026-09-29T02:32:28.258Z,23.8,86,0,0.3,0
meteorologia-predio-01,2026-09-29T02:22:27.356Z,23.9,86,0,0.3,0
meteorologia-predio-01,2026-09-29T02:12:26.592Z,23.9,86,0,0.3,0
meteorologia-predio-01,2026-09-29T02:02:25.84Z,23.9,86,0,0.3,0
meteorologia-predio-01,2026-09-29T01:52:25.133Z,24,86,0,0.3,0
meteorologia-predio-01,2026-09-29T01:42:24.381Z,24,87,0,0.2,0
meteorologia-predio-01,2026-09-29T01:32:23.66Z,24,87,0,0.2,0
meteorologia-predio-01,2026-09-29T01:22:22.835Z,24.1,87,0,0.2,0
meteorologia-predio-01,2026-09-29T01:12:21.95Z,24.1,87,0,0.3,0
meteorologia-predio-01,2026-09-29T01:02:21.202Z,24.1,87,0,0.3,0
meteorologia-predio-01,2026-09-29T00:52:20.316Z,24.1,87,0,0.7,0
meteorologia-predio-01,2026-09-29T00:42:19.406Z,24.2,87,0,1.3,0
meteorologia-predio-01,2026-09-29T00:32:18.54Z,24.2,87,0,0.4,0
meteorologia-predio-01,2026-09-29T00:22:17.749Z,24.5,86,0,0.6,0
meteorologia-predio-01,2026-09-29T00:12:16.889Z,24.5,91,0.1,0.7,0
meteorologia-predio-01,2026-09-29T00:02:16.107Z,24.5,91,0.1,0.7,0
meteorologia-predio-01,2026-09-28T23:52:14.423Z,24.4,92,0.1,1.1,0
meteorologia-predio-01,2026-09-28T23:42:13.677Z,24.2,94,0.1,1.9,0
meteorologia-predio-01,2026-09-28T23:32:12.75Z,24.2,94,0.1,1.9,0
meteorologia-predio-01,2026-09-28T23:22:11.878Z,24.1,96,0.1,2.5,0
meteorologia-predio-01,2026-09-28T23:12:11.146Z,24.1,96,0.1,2.9,0
meteorologia-predio-01,2026-09-28T23:02:10.268Z,24.1,96,0.1,2.9,0
meteorologia-predio-01,2026-09-28T22:52:09.509Z,24.2,96,0.1,3.3,7
meteorologia-predio-01,2026-09-28T22:42:08.759Z,24.5,95,0.1,3.5,27
meteorologia-predio-01,2026-09-28T22:32:07.995Z,24.5,95,0.1,3.5,27
meteorologia-predio-01,2026-09-28T22:22:07.253Z,24.8,93,0.1,3.5,51
meteorologia-predio-01,2026-09-28T22:12:06.422Z,25,91,0.2,3.1,79
meteorologia-predio-01,2026-09-28T22:02:05.541Z,25,91,0.2,3.1,79
meteorologia-predio-01,2026-09-28T21:52:04.682Z,25.2,90,0.2,1.9,111
meteorologia-predio-01,2026-09-28T21:42:03.92Z,25.3,88,0.2,0.2,149
meteorologia-predio-01,2026-09-28T21:32:03.136Z,25.3,88,0.2,0.2,149
meteorologia-predio-01,2026-09-28T21:22:02.168Z,25.5,86,0.2,2.2,193
meteorologia-predio-01,2026-09-28T21:12:01.323Z,25.7,84,0.2,3.8,243
meteorologia-predio-01,2026-09-28T21:02:00.58Z,25.7,84,0.2,3.8,243
meteorologia-predio-01,2026-09-27T13:39:24.152Z,23.5,90,0.1,4.2,436
meteorologia-predio-01,2026-09-27T13:29:23.399Z,23.2,93,0.1,4.1,415
meteorologia-predio-01,2026-09-27T13:19:22.598Z,23.2,93,0.1,4.1,415
meteorologia-predio-01,2026-09-27T13:09:21.804Z,23,95,0,3.8,387
meteorologia-predio-01,2026-09-27T12:59:21.042Z,22.8,96,0,3.3,345
meteorologia-predio-01,2026-09-27T12:49:20.083Z,22.8,96,0,3.3,345
meteorologia-predio-01,2026-09-27T12:39:19.324Z,22.7,98,0,2.4,289
meteorologia-predio-01,2026-09-27T12:29:18.472Z,22.2,100,0,1.3,128
meteorologia-predio-01,2026-09-27T12:19:17.613Z,22.2,98,0.1,1,128
meteorologia-predio-01,2026-09-27T12:09:16.794Z,22.2,99,0,0.6,97
meteorologia-predio-01,2026-09-27T11:59:16.034Z,22.1,99,0,0.5,69
meteorologia-predio-01,2026-09-27T11:49:15.115Z,22.1,99,0,0.5,69
meteorologia-predio-01,2026-09-27T11:39:14.141Z,21.9,99,0,0.4,44
meteorologia-predio-01,2026-09-27T11:29:13.39Z,21.8,100,0,0.6,22
meteorologia-predio-01,2026-09-27T11:19:12.644Z,21.8,100,0,0.6,22
meteorologia-predio-01,2026-09-27T11:09:11.716Z,21.7,100,0.1,0.6,5
meteorologia-predio-01,2026-09-27T10:59:10.945Z,21.6,100,0.1,1,0
meteorologia-predio-01,2026-09-27T10:49:10.244Z,21.6,100,0.1,1,0
meteorologia-predio-01,2026-09-27T10:39:09.483Z,21.5,100,0.1,1.8,0
meteorologia-predio-01,2026-09-27T10:29:08.734Z,21.5,100,0.1,2.5,0
meteorologia-predio-01,2026-09-27T10:19:07.966Z,21.5,100,0.1,2.5,0
meteorologia-predio-01,2026-09-27T10:09:07.26Z,21.5,100,0.1,2.7,0
meteorologia-predio-01,2026-09-27T09:59:06.251Z,21.5,99,0.1,2.3,0
meteorologia-predio-01,2026-09-27T09:49:05.508Z,21.5,99,0.1,2.3,0
meteorologia-predio-01,2026-09-27T09:39:04.799Z,21.6,99,0.1,1.4,0
meteorologia-predio-01,2026-09-27T09:29:03.877Z,21.7,98,0.1,0.4,0
meteorologia-predio-01,2026-09-27T09:19:02.93Z,21.7,98,0.1,0.4,0
meteorologia-predio-01,2026-09-27T09:09:02.01Z,21.7,98,0.1,0.3,0
meteorologia-predio-01,2026-09-27T08:59:01.31Z,21.7,98,0.1,0.7,0
meteorologia-predio-01,2026-09-27T08:49:00.422Z,21.7,98,0.1,0.7,0
meteorologia-predio-01,2026-09-27T08:38:59.584Z,21.8,98,0.1,1.8,0
meteorologia-predio-01,2026-09-27T08:28:58.675Z,21.8,98,0.1,2.9,0
meteorologia-predio-01,2026-09-27T08:18:57.92Z,21.8,98,0.1,2.9,0
meteorologia-predio-01,2026-09-27T08:08:57.15Z,21.8,98,0.1,3.3,0
meteorologia-predio-01,2026-09-27T07:58:56.249Z,21.9,98,0.1,2.9,0
meteorologia-predio-01,2026-09-27T07:48:55.47Z,21.9,98,0.1,2.9,0
meteorologia-predio-01,2026-09-27T07:38:54.619Z,22.1,98,0.1,1.9,0
meteorologia-predio-01,2026-09-27T07:28:53.631Z,22.3,99,0.1,1.6,0
meteorologia-predio-01,2026-09-27T07:18:52.898Z,22.3,99,0.1,1.6,0
meteorologia-predio-01,2026-09-27T07:08:52.064Z,22.4,98,0.1,1.7,0
meteorologia-predio-01,2026-09-27T06:58:51.156Z,22.5,98,0.1,0.9,0
meteorologia-predio-01,2026-09-27T06:48:50.142Z,22.7,87,0.6,0.9,0
meteorologia-predio-01,2026-09-27T06:38:49.217Z,22.8,87,0.6,0.6,0
meteorologia-predio-01,2026-09-27T06:28:48.3Z,22.8,87,0.6,0.3,0
meteorologia-predio-01,2026-09-27T06:18:47.528Z,22.8,87,0.6,0.3,0
meteorologia-predio-01,2026-09-27T06:08:46.764Z,22.9,88,0.1,0.2,0
meteorologia-predio-01,2026-09-27T05:58:45.753Z,22.9,88,0.1,0.5,0
meteorologia-predio-01,2026-09-27T05:48:44.809Z,22.9,88,0.1,0.5,0
meteorologia-predio-01,2026-09-27T05:38:44.068Z,23,88,0.1,1.1,0
meteorologia-predio-01,2026-09-27T05:28:43.366Z,23,89,0.1,1.6,0
meteorologia-predio-01,2026-09-27T05:18:42.422Z,23,89,0.1,1.6,0
meteorologia-predio-01,2026-09-27T05:08:41.676Z,23.1,89,0.1,2,0
meteorologia-predio-01,2026-09-27T04:58:40.809Z,23.1,90,0.1,2.3,0
meteorologia-predio-01,2026-09-27T04:48:39.904Z,23.1,90,0.1,2.3,0
meteorologia-predio-01,2026-09-27T04:38:39.147Z,23,91,0.1,2.5,0
meteorologia-predio-01,2026-09-27T04:28:38.441Z,23,92,0.1,2.7,0
meteorologia-predio-01,2026-09-27T04:18:37.73Z,23,92,0.1,2.7,0
meteorologia-predio-01,2026-09-27T04:08:36.965Z,23,93,0,2.7,0
meteorologia-predio-01,2026-09-27T03:58:36.154Z,23.2,92,0,2.2,0
meteorologia-predio-01,2026-09-27T03:48:35.403Z,23.2,92,0,2.2,0
meteorologia-predio-01,2026-09-27T03:38:34.652Z,23.4,92,0,1.3,0
meteorologia-predio-01,2026-09-27T03:28:33.873Z,23.6,91,0,0.4,0
meteorologia-predio-01,2026-09-27T03:18:33.042Z,23.6,91,0,0.4,0
meteorologia-predio-01,2026-09-27T03:08:32.023Z,23.8,90,0,0.4,0
meteorologia-predio-01,2026-09-27T02:58:31.257Z,23.8,90,0,0.7,0
meteorologia-predio-01,2026-09-27T02:48:30.54Z,23.8,90,0,0.7,0
meteorologia-predio-01,2026-09-27T02:38:29.68Z,23.7,91,0,0.9,0
meteorologia-predio-01,2026-09-27T02:28:28.903Z,23.6,92,0,1.1,0
meteorologia-predio-01,2026-09-27T02:18:28.146Z,23.6,92,0,1.1,0
meteorologia-predio-01,2026-09-27T02:08:27.239Z,23.6,92,0,1.1,0
meteorologia-predio-01,2026-09-27T01:58:26.325Z,23.6,92,0,0.7,0
meteorologia-predio-01,2026-09-27T01:48:25.575Z,23.6,92,0,0.7,0
meteorologia-predio-01,2026-09-27T01:38:24.848Z,23.8,92,0,0.2,0
meteorologia-predio-01,2026-09-27T01:28:23.899Z,23.9,92,0,0.6,0
meteorologia-predio-01,2026-09-27T01:18:22.643Z,23.9,92,0,0.6,0
meteorologia-predio-01,2026-09-27T01:08:21.854Z,24,92,0,0.8,0
meteorologia-predio-01,2026-09-27T00:58:20.59Z,24.1,91,0,0.6,0
meteorologia-predio-01,2026-09-27T00:48:19.707Z,24.1,91,0,0.6,0
meteorologia-predio-01,2026-09-27T00:38:18.937Z,24.1,91,0,0.4,0
meteorologia-predio-01,2026-09-27T00:28:18.17Z,24.1,91,0,1.6,0
meteorologia-predio-01,2026-09-27T00:18:16.349Z,23.6,96,0,1.6,0
meteorologia-predio-01,2026-09-27T00:08:15.612Z,23.6,97,0.1,1.8,0
meteorologia-predio-01,2026-09-26T23:58:14.883Z,23.6,98,0.1,2.3,0
meteorologia-predio-01,2026-09-26T23:48:14.116Z,23.6,98,0.1,2.3,0
meteorologia-predio-01,2026-09-26T23:38:13.227Z,23.7,98,0.1,3.2,0
meteorologia-predio-01,2026-09-26T23:28:12.485Z,23.7,99,0.1,3.9,0
meteorologia-predio-01,2026-09-26T23:18:11.585Z,23.7,99,0.1,3.9,0
meteorologia-predio-01,2026-09-26T23:08:10.876Z,24,99,0.2,4.1,0
meteorologia-predio-01,2026-09-26T22:58:10.103Z,24.5,98,0.2,3.5,14
meteorologia-predio-01,2026-09-26T22:48:09.331Z,24.5,98,0.2,3.5,14
meteorologia-predio-01,2026-09-26T22:38:08.632Z,25.1,96,0.2,2.4,47
meteorologia-predio-01,2026-09-26T22:28:07.848Z,25.8,94,0.2,1.2,87
meteorologia-predio-01,2026-09-26T22:18:07.089Z,25.8,94,0.2,1.2,87
meteorologia-predio-01,2026-09-26T22:08:06.339Z,26.3,93,0.7,1,134
meteorologia-predio-01,2026-09-26T21:58:05.454Z,26.4,91,0.7,1.2,186
meteorologia-predio-01,2026-09-26T21:48:04.696Z,26.4,91,0.7,1.2,186
meteorologia-predio-01,2026-09-26T21:38:03.909Z,26.3,90,0.7,1.5,235
meteorologia-predio-01,2026-09-26T21:28:02.978Z,26.2,89,0.7,1.8,274
meteorologia-predio-01,2026-09-23T19:05:55.692Z,29.3,68,0,5.5,698
meteorologia-predio-01,2026-09-23T18:55:54.726Z,29.9,66,0,6.1,721
meteorologia-predio-01,2026-09-23T18:45:53.862Z,29.9,65,0,6.4,721
meteorologia-predio-01,2026-09-23T18:35:52.965Z,29.8,65,0,6.7,761
meteorologia-predio-01,2026-09-23T18:25:52.265Z,29.8,65,0,6.8,808
meteorologia-predio-01,2026-09-23T18:15:51.32Z,29.8,65,0,6.8,808
meteorologia-predio-01,2026-09-23T18:05:50.542Z,29.7,65,0,6.9,856
meteorologia-predio-01,2026-09-23T17:55:49.65Z,29.6,66,0,7,896
meteorologia-predio-01,2026-09-23T17:45:48.82Z,29.6,66,0,7,896
meteorologia-predio-01,2026-09-23T17:35:47.965Z,29.4,66,0,7.1,921
meteorologia-predio-01,2026-09-23T17:25:47.208Z,29.2,67,0,7.2,931
meteorologia-predio-01,2026-09-23T17:15:46.447Z,29.2,67,0,7.2,931
meteorologia-predio-01,2026-09-23T17:05:45.706Z,29,68,0,7.2,931
meteorologia-predio-01,2026-09-23T16:55:44.979Z,28.8,69,0,7.2,926
meteorologia-predio-01,2026-09-23T16:45:44.235Z,28.8,69,0,7.2,926
meteorologia-predio-01,2026-09-23T16:35:43.488Z,28.5,70,0,7.2,923
meteorologia-predio-01,2026-09-23T16:25:42.72Z,28.2,72,0,7.1,918
meteorologia-predio-01,2026-09-23T16:25:20.545Z,28.2,72,0,7.1,918
meteorologia-predio-01,2026-09-23T16:20:54.064Z,28.2,72,0,7.1,918
meteorologia-predio-01,2026-09-26T21:18:02.216Z,26.2,89,0.7,1.8,274
meteorologia-predio-01,2026-09-26T21:08:01.445Z,26.3,86,0.3,2.4,308
meteorologia-predio-01,2026-09-26T20:58:00.528Z,26.8,82,0.3,3.2,344
meteorologia-predio-01,2026-09-26T20:47:59.555Z,26.8,82,0.3,3.2,344
meteorologia-predio-01,2026-09-26T20:37:58.837Z,27.5,76,0.3,4.2,395
meteorologia-predio-01,2026-09-26T20:27:57.938Z,28.3,71,0.3,5.1,469
meteorologia-predio-01,2026-09-26T20:17:57.026Z,28.3,71,0.3,5.1,469
meteorologia-predio-01,2026-09-26T20:07:56.304Z,28.8,68,0.1,5.7,551
meteorologia-predio-01,2026-09-26T19:57:55.363Z,29,66,0.1,5.9,625
meteorologia-predio-01,2026-09-26T19:47:54.46Z,29,66,0.1,5.9,625
meteorologia-predio-01,2026-09-26T19:37:53.627Z,29.1,66,0.1,6.1,664
meteorologia-predio-01,2026-09-26T19:27:52.667Z,29.1,66,0.1,6.2,659
meteorologia-predio-01,2026-09-26T19:17:51.554Z,29.1,66,0.1,6.2,659
meteorologia-predio-01,2026-09-26T19:07:50.83Z,29.1,65,0,5.9,633
meteorologia-predio-01,2026-09-26T18:57:49.833Z,27.6,72,0,7.7,481
meteorologia-predio-01,2026-09-26T18:47:48.805Z,27.6,72,0.1,7.7,481
meteorologia-predio-01,2026-09-26T18:37:47.875Z,27.9,70,0.1,7.6,545
meteorologia-predio-01,2026-09-26T18:27:47.1Z,28.1,70,0.1,7.6,609
meteorologia-predio-01,2026-09-26T18:17:46.354Z,28.1,70,0.1,7.6,609
meteorologia-predio-01,2026-09-26T18:07:45.462Z,28.3,69,0.1,7.5,671
meteorologia-predio-01,2026-09-26T17:57:44.602Z,28.3,69,0.1,7.6,725
meteorologia-predio-01,2026-09-26T17:47:43.697Z,28.3,69,0.1,7.6,725
meteorologia-predio-01,2026-09-26T17:37:42.984Z,28.3,69,0.1,7.9,772
meteorologia-predio-01,2026-09-26T17:27:42.034Z,28.2,70,0.1,7.9,813
meteorologia-predio-01,2026-09-26T17:17:41.038Z,28.2,70,0.1,7.9,813
meteorologia-predio-01,2026-09-26T17:07:40.337Z,28.1,70,0.1,7.8,844
meteorologia-predio-01,2026-09-26T16:57:39.475Z,28,69,0.1,7.1,856
meteorologia-predio-01,2026-09-26T16:47:38.699Z,28,69,0.1,7.1,856
meteorologia-predio-01,2026-09-26T16:37:37.977Z,28,68,0.1,6.2,848
meteorologia-predio-01,2026-09-26T16:27:37.208Z,27.8,68,0.1,5.3,812
meteorologia-predio-01,2026-09-26T16:17:36.397Z,27.8,68,0.1,5.3,812
meteorologia-predio-01,2026-09-26T16:07:35.576Z,27.5,68,0.1,4.7,761
meteorologia-predio-01,2026-09-26T15:57:34.813Z,27,71,0.1,4.1,706
meteorologia-predio-01,2026-09-26T15:47:33.851Z,27,71,0.1,4.1,706
meteorologia-predio-01,2026-09-26T15:37:33.132Z,26.3,75,0.1,3.8,656
meteorologia-predio-01,2026-09-26T15:27:31.605Z,25.6,79,0.1,3.6,602
meteorologia-predio-01,2026-09-26T15:17:30.906Z,25.6,79,0.1,3.6,602
meteorologia-predio-01,2026-09-26T15:07:30.144Z,24.9,83,0.1,3.5,548
meteorologia-predio-01,2026-09-26T14:57:29.246Z,24.4,86,0.1,3.7,500
meteorologia-predio-01,2026-09-26T14:47:28.535Z,24.4,86,0.1,3.7,500
meteorologia-predio-01,2026-09-26T14:37:27.554Z,24,88,0.1,4.1,460
meteorologia-predio-01,2026-09-26T14:27:26.608Z,23.6,90,0.1,4.2,430
meteorologia-predio-01,2026-09-26T14:17:25.694Z,23.6,90,0.1,4.2,430
meteorologia-predio-01,2026-09-26T14:07:24.947Z,23.3,92,0.1,4.4,403
meteorologia-predio-01,2026-09-26T13:57:24.047Z,23.1,93,0.1,4.2,373
meteorologia-predio-01,2026-09-26T13:47:23.278Z,23.1,93,0.1,4.2,373
meteorologia-predio-01,2026-09-27T20:59:59.937Z,24.2,99,0.1,0.7,246
meteorologia-predio-01,2026-09-27T20:49:59.19Z,24.2,99,0.1,0.7,246
meteorologia-predio-01,2026-09-27T20:39:58.284Z,24,98,0.1,1.3,277
meteorologia-predio-01,2026-09-27T20:29:57.406Z,23.8,98,0.1,1.9,302
meteorologia-predio-01,2026-09-27T20:19:56.498Z,23.8,98,0.1,1.9,302
meteorologia-predio-01,2026-09-27T20:09:55.613Z,23.7,98,0.4,2.3,321
meteorologia-predio-01,2026-09-27T19:59:54.874Z,23.7,99,0.4,2.3,335
meteorologia-predio-01,2026-09-27T19:49:54.093Z,23.7,99,0.4,2.3,335
meteorologia-predio-01,2026-09-27T19:39:53.206Z,23.8,99,0.4,2,347
meteorologia-predio-01,2026-09-27T19:29:52.46Z,23.9,99,0.4,1.6,352
meteorologia-predio-01,2026-09-27T19:19:51.515Z,23.9,99,0.4,1.6,352
meteorologia-predio-01,2026-09-27T19:09:50.645Z,24,99,0.8,1.7,352
meteorologia-predio-01,2026-09-27T18:59:49.949Z,24,99,0.8,2.2,356
meteorologia-predio-01,2026-09-27T18:49:49.193Z,24.5,90,1.1,5.8,449
meteorologia-predio-01,2026-09-27T18:39:48.145Z,25.3,87,1.1,6.5,501
meteorologia-predio-01,2026-09-27T18:29:47.18Z,26.2,83,1.1,7.2,585
meteorologia-predio-01,2026-09-27T18:19:46.416Z,26.2,83,1.1,7.2,585
meteorologia-predio-01,2026-09-27T18:09:45.528Z,26.7,81,0.3,7.8,678
meteorologia-predio-01,2026-09-27T17:59:44.737Z,26.8,81,0.3,7.6,752
meteorologia-predio-01,2026-09-27T17:49:43.819Z,26.8,81,0.3,7.6,752
meteorologia-predio-01,2026-09-27T17:39:43.102Z,26.6,81,0.3,6.9,781
meteorologia-predio-01,2026-09-27T17:29:42.28Z,26.2,82,0.3,6.2,766
meteorologia-predio-01,2026-09-27T17:19:41.488Z,26.2,82,0.3,6.2,766
meteorologia-predio-01,2026-09-27T17:09:40.53Z,26,82,0.1,5.8,727
meteorologia-predio-01,2026-09-27T16:59:39.64Z,25.8,83,0.1,5.8,682
meteorologia-predio-01,2026-09-27T16:49:38.92Z,25.8,83,0.1,5.8,682
meteorologia-predio-01,2026-09-27T16:39:38.217Z,25.6,83,0.1,6.1,652
meteorologia-predio-01,2026-09-27T16:29:37.517Z,25.4,83,0.1,6.3,623
meteorologia-predio-01,2026-09-27T16:19:36.402Z,25.4,83,0.1,6.3,623
meteorologia-predio-01,2026-09-27T16:09:35.697Z,25.2,84,0.2,6.5,593
meteorologia-predio-01,2026-09-27T15:59:34.984Z,25.1,84,0.2,6.4,565
meteorologia-predio-01,2026-09-27T15:49:34.201Z,25.1,84,0.2,6.4,565
meteorologia-predio-01,2026-09-27T15:39:33.453Z,25,83,0.2,6.2,538
meteorologia-predio-01,2026-09-27T15:29:32.576Z,24.9,83,0.2,5.9,511
meteorologia-predio-01,2026-09-27T15:19:31.862Z,24.9,83,0.2,5.9,511
meteorologia-predio-01,2026-09-27T15:09:31.01Z,24.8,83,0.1,5.5,487
meteorologia-predio-01,2026-09-27T14:59:30.134Z,24.6,84,0.1,5.1,468
meteorologia-predio-01,2026-09-27T14:49:29.373Z,24.6,84,0.1,5.1,468
meteorologia-predio-01,2026-09-27T14:39:28.635Z,24.5,84,0.1,4.9,458
meteorologia-predio-01,2026-09-27T14:29:27.871Z,24.3,85,0.1,4.5,458
meteorologia-predio-01,2026-09-27T14:19:27.132Z,24.3,85,0.1,4.5,458
meteorologia-predio-01,2026-09-27T14:09:26.374Z,24.1,86,0.1,4.3,459
meteorologia-predio-01,2026-09-27T13:59:25.645Z,23.9,88,0.1,4.1,453
meteorologia-predio-01,2026-09-27T13:49:24.937Z,23.9,88,0.1,4.1,453
meteorologia-predio-01,2026-09-28T20:51:59.709Z,26.1,82,0.2,5,296
meteorologia-predio-01,2026-09-28T20:41:58.791Z,26.5,79,0.2,6,349
meteorologia-predio-01,2026-09-28T20:31:58.024Z,26.5,79,0.2,6,349
meteorologia-predio-01,2026-09-28T20:21:57.266Z,27,77,0.2,6.6,400
meteorologia-predio-01,2026-09-28T20:11:56.49Z,27.3,75,0.1,7.1,451
meteorologia-predio-01,2026-09-28T20:01:55.628Z,27.3,75,0.1,7.1,451
meteorologia-predio-01,2026-09-28T19:51:54.86Z,27.6,74,0.1,7.2,502
meteorologia-predio-01,2026-09-28T19:41:53.982Z,27.7,73,0.1,6.8,557
meteorologia-predio-01,2026-09-28T19:31:53.148Z,27.7,73,0.1,6.8,557
meteorologia-predio-01,2026-09-28T19:21:52.264Z,27.8,73,0.1,6.8,615
meteorologia-predio-01,2026-09-28T19:11:51.396Z,26.9,77,0.1,4.3,535
meteorologia-predio-01,2026-09-28T19:01:50.619Z,26.9,78,0.1,4.3,535
meteorologia-predio-01,2026-09-28T18:51:49.849Z,26.8,78,0.1,4.1,568
meteorologia-predio-01,2026-09-28T18:41:49.073Z,26.6,79,0.1,3.8,586
meteorologia-predio-01,2026-09-28T18:31:48.186Z,26.6,79,0.1,3.8,586
meteorologia-predio-01,2026-09-28T18:21:47.438Z,26.4,80,0.1,3.5,584
meteorologia-predio-01,2026-09-28T18:11:46.587Z,26.2,80,0.1,3.5,573
meteorologia-predio-01,2026-09-28T18:01:45.802Z,26.2,80,0.1,3.5,573
meteorologia-predio-01,2026-09-28T17:51:45.046Z,26.1,81,0.1,4.1,568
meteorologia-predio-01,2026-09-28T17:41:44.235Z,26,81,0.1,4.9,585
meteorologia-predio-01,2026-09-28T17:31:43.38Z,26,81,0.1,4.9,585
meteorologia-predio-01,2026-09-28T17:21:42.611Z,26,81,0.1,5.8,625
meteorologia-predio-01,2026-09-28T17:11:41.803Z,25.9,81,0.2,6.5,671
meteorologia-predio-01,2026-09-28T17:01:41.058Z,25.9,81,0.2,6.5,671
meteorologia-predio-01,2026-09-28T16:51:40.391Z,25.9,80,0.2,6.8,707
meteorologia-predio-01,2026-09-28T16:41:39.525Z,25.9,79,0.2,6.8,716
meteorologia-predio-01,2026-09-28T16:31:38.785Z,25.9,79,0.2,6.8,716
meteorologia-predio-01,2026-09-28T16:21:38.021Z,25.9,77,0.2,6.8,702
meteorologia-predio-01,2026-09-28T16:11:37.286Z,25.8,77,0.1,6.9,676
meteorologia-predio-01,2026-09-28T16:01:36.546Z,25.8,77,0.1,6.9,676
meteorologia-predio-01,2026-09-28T15:51:35.321Z,25.7,78,0.1,6.7,648
meteorologia-predio-01,2026-09-28T15:41:34.51Z,25.4,80,0.1,6.5,629
meteorologia-predio-01,2026-09-28T15:31:33.823Z,25.4,80,0.1,6.5,629
meteorologia-predio-01,2026-09-28T15:21:33.08Z,25.2,82,0.1,6.1,615
meteorologia-predio-01,2026-09-28T15:11:32.392Z,24.9,84,0,5.8,600
meteorologia-predio-01,2026-09-28T15:01:31.689Z,24.9,84,0,5.8,600
meteorologia-predio-01,2026-09-28T14:51:30.842Z,24.7,85,0,5.4,578
meteorologia-predio-01,2026-09-28T14:41:30.022Z,24.5,87,0,5.1,547
meteorologia-predio-01,2026-09-28T14:31:29.263Z,24.5,87,0,5.1,547
meteorologia-predio-01,2026-09-28T14:21:28.415Z,24.3,88,0,4.6,513
meteorologia-predio-01,2026-09-28T14:11:27.715Z,24,90,0,4.1,472
meteorologia-predio-01,2026-09-28T14:01:26.975Z,24,90,0,4.1,472
meteorologia-predio-01,2026-09-28T13:51:26.217Z,23.7,92,0,3.5,424
meteorologia-predio-01,2026-09-24T21:18:05.221Z,28.1,70,0,3.4,281
meteorologia-predio-01,2026-09-24T21:08:04.481Z,28.3,69,0,3.8,297
meteorologia-predio-01,2026-09-24T20:58:03.702Z,28.4,68,0,3.9,309
meteorologia-predio-01,2026-09-24T20:48:02.968Z,28.4,68,0,3.9,309
meteorologia-predio-01,2026-09-24T20:38:02.239Z,28.4,68,0,4.2,331
meteorologia-predio-01,2026-09-24T20:28:01.456Z,28.4,67,0,4.8,358
meteorologia-predio-01,2026-09-24T20:18:00.693Z,28.4,67,0,4.8,358
meteorologia-predio-01,2026-09-24T20:07:59.942Z,28.5,67,0,5.4,390
meteorologia-predio-01,2026-09-24T19:57:59.149Z,28.7,67,0,5.7,426
meteorologia-predio-01,2026-09-24T19:47:58.124Z,28.7,67,0,5.7,426
meteorologia-predio-01,2026-09-24T19:37:57.435Z,28.9,66,0,5.9,464
meteorologia-predio-01,2026-09-24T19:27:56.663Z,26.9,74,0,4.5,508
meteorologia-predio-01,2026-09-24T19:17:55.854Z,26.9,79,0.3,4.5,665
meteorologia-predio-01,2026-09-24T19:07:54.99Z,26.6,80,0.3,4.9,701
meteorologia-predio-01,2026-09-24T18:57:54.046Z,26.9,79,0.3,5.2,731
meteorologia-predio-01,2026-09-24T18:47:53.349Z,26.9,79,0.3,5.2,731
meteorologia-predio-01,2026-09-24T18:37:52.439Z,27.4,76,0.3,5.4,757
meteorologia-predio-01,2026-09-24T18:27:51.666Z,28,74,0.3,5.8,777
meteorologia-predio-01,2026-09-24T18:17:50.969Z,28,74,0.3,5.8,777
meteorologia-predio-01,2026-09-24T18:07:50.212Z,28.3,72,0.5,6.1,791
meteorologia-predio-01,2026-09-24T17:57:49.12Z,28.2,72,0.5,6.5,797
meteorologia-predio-01,2026-09-24T17:47:48.419Z,28.2,72,0.5,6.5,797
meteorologia-predio-01,2026-09-24T17:37:47.562Z,27.9,72,0.5,7,794
meteorologia-predio-01,2026-09-24T17:27:46.743Z,27.6,73,0.5,7.4,775
meteorologia-predio-01,2026-09-24T17:17:45.995Z,27.6,73,0.5,7.4,775
meteorologia-predio-01,2026-09-24T17:07:45.097Z,27.4,73,0.2,7.7,750
meteorologia-predio-01,2026-09-24T16:57:44.253Z,27.4,72,0.2,7.9,734
meteorologia-predio-01,2026-09-24T16:47:43.485Z,27.4,72,0.2,7.9,734
meteorologia-predio-01,2026-09-24T16:37:42.796Z,27.4,72,0.2,7.9,737
meteorologia-predio-01,2026-09-24T16:27:42.044Z,27.5,71,0.2,7.9,762
meteorologia-predio-01,2026-09-24T16:17:41.284Z,27.5,71,0.2,7.9,762
meteorologia-predio-01,2026-09-24T16:07:40.472Z,27.5,71,0.2,7.9,792
meteorologia-predio-01,2026-09-24T15:57:39.585Z,27.5,71,0.2,7.9,815
meteorologia-predio-01,2026-09-24T15:47:38.796Z,27.5,71,0.2,7.9,815
meteorologia-predio-01,2026-09-24T15:37:38.089Z,27.4,71,0.2,7.7,816
meteorologia-predio-01,2026-09-24T15:27:37.288Z,27.2,71,0.2,7.6,807
meteorologia-predio-01,2026-09-24T15:17:36.551Z,27.2,71,0.2,7.6,807
meteorologia-predio-01,2026-09-24T15:07:35.796Z,27,72,0.1,7.2,787
meteorologia-predio-01,2026-09-24T14:57:34.906Z,26.7,73,0.1,6.7,752
meteorologia-predio-01,2026-09-24T14:47:34.161Z,26.7,73,0.1,6.7,752
meteorologia-predio-01,2026-09-24T14:37:33.281Z,26.3,75,0.1,6.1,701
meteorologia-predio-01,2026-09-24T14:27:32.528Z,25.8,76,0.1,5.4,626
meteorologia-predio-01,2026-09-24T14:17:31.811Z,25.8,76,0.1,5.4,626
meteorologia-predio-01,2026-09-24T14:07:31.114Z,25.4,78,0,4.9,547
meteorologia-predio-01,2026-09-24T13:57:30.353Z,25.2,79,0,4.7,479
meteorologia-predio-01,2026-09-24T13:47:29.545Z,25.2,79,0,4.7,479
