dispositivo,dia,mensajes,horas_con_datos
calidad-aire-01,2026-09-23,53,13
calidad-aire-01,2026-09-24,96,24
calidad-aire-01,2026-09-25,96,24
calidad-aire-01,2026-09-26,96,24
calidad-aire-01,2026-09-27,52,13
lote-cultivo-01,2026-09-24,954,21
lote-cultivo-01,2026-09-25,1159,24
lote-cultivo-01,2026-09-26,421,9
lote-cultivo-01,2026-09-27,761,17
lote-cultivo-01,2026-09-28,941,20
lote-cultivo-01,2026-09-29,469,10
lote-cultivo-03,2026-09-24,1084,21
lote-cultivo-03,2026-09-25,1291,24
lote-cultivo-03,2026-09-26,473,9
lote-cultivo-03,2026-09-27,846,17
lote-cultivo-03,2026-09-28,1068,20
lote-cultivo-03,2026-09-29,533,10
dosel-sombra-01,2026-09-23,284,7
dosel-sombra-01,2026-09-24,1695,24
dosel-sombra-01,2026-09-25,1665,24
dosel-sombra-01,2026-09-26,1708,24
dosel-sombra-01,2026-09-27,1706,24
dosel-sombra-01,2026-09-28,1707,24
dosel-sombra-01,2026-09-29,671,10
estacion-campo-01,2026-09-23,126,13
estacion-campo-01,2026-09-24,248,24
estacion-campo-01,2026-09-25,255,24
estacion-campo-01,2026-09-26,249,24
estacion-campo-01,2026-09-27,248,24
estacion-campo-01,2026-09-28,248,24
estacion-campo-01,2026-09-29,101,10
meteorologia-predio-01,2026-09-23,78,13
meteorologia-predio-01,2026-09-24,144,24
meteorologia-predio-01,2026-09-25,142,24
meteorologia-predio-01,2026-09-26,145,24
meteorologia-predio-01,2026-09-27,142,24
meteorologia-predio-01,2026-09-28,144,24
meteorologia-predio-01,2026-09-29,58,10
perimetro-bodega-01,2026-09-23,435,13
perimetro-bodega-01,2026-09-24,797,24
perimetro-bodega-01,2026-09-25,799,24
perimetro-bodega-01,2026-09-26,819,24
perimetro-bodega-01,2026-09-27,797,24
perimetro-bodega-01,2026-09-28,797,24
perimetro-bodega-01,2026-09-29,342,10
secado-fermentacion-01,2026-09-23,321,13
secado-fermentacion-01,2026-09-24,630,24
secado-fermentacion-01,2026-09-25,630,24
secado-fermentacion-01,2026-09-26,620,24
secado-fermentacion-01,2026-09-27,626,24
secado-fermentacion-01,2026-09-28,630,24
secado-fermentacion-01,2026-09-29,247,10
